Artist,Album,ImageFile,Status,AlbumColorHex,AverageHex,DominantHex
青葉市子 [Ichiko Aoba],0,,missing_image,,,
青葉市子 [Ichiko Aoba],0%,青葉市子 [Ichiko Aoba] - 0%.jpg,ok,#1f0a09,#410e0a,#080808
Supersilent,6,Supersilent - 6.jpg,ok,#6c6c60,#73736c,#686858
Blur,13,Blur - 13.jpg,ok,#b86237,#a05a36,#c86838
Wire,154,Wire - 154.jpg,ok,#ececdf,#dbd9d1,#f8f8e8
Duster,1975,Duster - 1975.jpg,ok,#fbfbfb,#ffffff,#f8f8f8
Supersilent,1-3,Supersilent - 1-3.jpg,ok,#0e6daa,#1775ae,#0868a8
Aphex Twin,…I Care Because You Do,Aphex Twin - …I Care Because You Do.jpg,ok,#d8cb96,#a98763,#f8f8b8
Sigur Rós,( ),Sigur Rós - ( ).jpg,ok,#eeeeee,#e0e0e0,#f8f8f8
Fjarri,(removed),Fjarri - (removed).jpg,ok,#685744,#98866d,#483828
Bark Psychosis,///Codename: Dustsucker,Bark Psychosis - ___Codename_ Dustsucker.jpg,ok,#d66717,#a44e2d,#f87808
David Bowie,★,David Bowie - ★.jpg,ok,#eaeaea,#d6d5d6,#f8f8f8
Triosk Meets Jan Jelinek,1+3+1,Triosk Meets Jan Jelinek - 1+3+1.jpg,ok,#4c4b4b,#696868,#383838
Fugazi,13 Songs,Fugazi - 13 Songs.jpg,ok,#970936,#950b34,#980838
The Velvet Underground,1969: Velvet Underground Live with Lou Reed,The Velvet Underground - 1969_ Velvet Underground Live with Lou Reed.jpg,ok,#2d84a2,#4c7e69,#1888c8
不失者 [Fushitsusha],1st,不失者 [Fushitsusha] - 1st.jpg,ok,#262827,#242925,#282828
"25,000 Kittens","25,000 Kittens","25,000 Kittens - 25,000 Kittens.jpg",ok,#ded5cb,#ceb8b8,#e8e8d8
The George–Edwards Group,38:38,The George–Edwards Group - 38_38.jpg,ok,#414240,#666a63,#282828
Geese,3D Country,Geese - 3D Country.jpg,ok,#3e4447,#5e6d76,#282828
YHWH Nailgun,45 Pounds,YHWH Nailgun - 45 Pounds.jpg,ok,#f94540,#fa594b,#f83838
Boredoms,77 Boa Drum,Boredoms - 77 Boa Drum.jpg,ok,#788745,#798540,#788848
Les Rallizes Dénudés,77 Live,Les Rallizes Dénudés - 77 Live.jpg,ok,#341c1e,#462126,#281818
Fishmans,98.12.28 男達の別れ,Fishmans - 98.12.28 男達の別れ.jpg,ok,#3d3936,#5d534b,#282828
The Smile,A Light For Attracting Attention,The Smile - A Light For Attracting Attention.jpg,ok,#d0cfce,#949190,#f8f8f8
Aspidistrafly,A Little Fable,Aspidistrafly - A Little Fable.jpg,ok,#606b5f,#838882,#485848
John Coltrane,A Love Supreme,John Coltrane - A Love Supreme.jpg,ok,#272727,#3e3e3e,#181818
John Coltrane,A Love Supreme (Monophonic Edition),,missing_image,,,
Radiohead,A Moon Shaped Pool,Radiohead - A Moon Shaped Pool.jpg,ok,#dededf,#b7b7b9,#f8f8f8
Pink Floyd,A Saucerful Of Secrets,Pink Floyd - A Saucerful Of Secrets.jpg,ok,#4a4836,#66614a,#383828
Unwound,A Single History 1991-1997,Unwound - A Single History 1991-1997.jpg,ok,#16120e,#2c2118,#080808
Sonic Youth,A Thousand Leaves,Sonic Youth - A Thousand Leaves.jpg,ok,#d0c8c6,#c3b0ac,#d8d8d8
吉村弘 [Hiroshi Yoshimura],A・I・R - Air in Resort,吉村弘 [Hiroshi Yoshimura] - A・I・R - Air in Resort.jpg,ok,#cccbbc,#8ba07b,#f8e8e8
The Beatles,Abbey Road,The Beatles - Abbey Road.jpg,ok,#2e302e,#666c66,#080808
Adrianne Lenker,abysskiss,Adrianne Lenker - abysskiss.jpg,ok,#5f5f5f,#828282,#484848
Aerial M,Aerial M,Aerial M - Aerial M.jpg,ok,#5d5c5c,#646362,#585858
Pharoah Sanders,Africa,Pharoah Sanders - Africa.jpg,ok,#325c5e,#724b38,#086878
John Coltrane,Africa / Brass,,missing_image,,,
John Coltrane,Afro Blue Impressions,John Coltrane - Afro Blue Impressions.jpg,ok,#161415,#2a2628,#080808
Sigur Rós,Ágætis byrjun,Sigur Rós - Ágætis byrjun.jpg,ok,#59595d,#5b5a64,#585858
Steely Dan,Aja,Steely Dan - Aja.jpg,ok,#080607,#080405,#080808
Flipper,Album – Generic Flipper,Flipper - Album – Generic Flipper.jpg,ok,#f0f007,#e4e505,#f8f808
Arvo Pärt,Alina,Arvo Pärt - Alina.jpg,ok,#c8e5e5,#c7e1e1,#c8e8e8
Senyawa,Alkisah,Senyawa - Alkisah.jpg,ok,#7c7e7d,#696f6d,#888888
Explosions in the Sky,All of a Sudden I Miss Everyone,Explosions in the Sky - All of a Sudden I Miss Everyone.jpg,ok,#26584d,#3b716c,#184838
Current 93,All The Pretty Little Horses,Current 93 - All The Pretty Little Horses.jpg,ok,#3e3522,#5f4832,#282818
George Harrison,All Things Must Pass,George Harrison - All Things Must Pass.jpg,ok,#d9cfc1,#aba99f,#f8e8d8
Colin Stetson,All This I Do For Glory,Colin Stetson - All This I Do For Glory.jpg,ok,#dddad6,#cdc6ba,#e8e8e8
Godspeed You! Black Emperor,Allelujah! Don't Bend! Ascend!,Godspeed You! Black Emperor - Allelujah! Don't Bend! Ascend!.jpg,ok,#6e6a6a,#5e5656,#787878
Masahiko Satoh & Soundbreakers,Amalgamation (恍惚の昭和元禄),Masahiko Satoh & Soundbreakers - Amalgamation (恍惚の昭和元禄).jpg,ok,#e35749,#dc554a,#e85848
Autechre,Amber,Autechre - Amber.jpg,ok,#e8acb2,#d09aa8,#f8b8b8
Brian Eno,Ambient 1 - Music For Airports,Brian Eno - Ambient 1 - Music For Airports.jpg,ok,#f4f5e2,#eef1d8,#f8f8e8
American Football,American Football,American Football - American Football.jpg,ok,#bcbcaf,#626341,#f8f8f8
Radiohead,Amnesiac,Radiohead - Amnesiac.jpg,ok,#320e0e,#721817,#080808
Atoms for Peace,Amok,Atoms for Peace - Amok.jpg,ok,#cecece,#8e8e8e,#f8f8f8
Alt-J,An Awesome Wave,Alt-J - An Awesome Wave.jpg,ok,#585663,#6f6b74,#484858
Oxbow,An Evil Heat,Oxbow - An Evil Heat.jpg,ok,#f4b327,#efab25,#f8b828
Mew,And the Glass Handed Kites,Mew - And the Glass Handed Kites.jpg,ok,#eeeeee,#e0e0e0,#f8f8f8
Stars Of The Lid,And Their Refinement Of The Decline,Stars Of The Lid - And Their Refinement Of The Decline.jpg,ok,#f38c6d,#ec9174,#f88868
Thom Yorke,ANIMA,Thom Yorke - ANIMA.jpg,ok,#8d735f,#946b51,#887868
Pink Floyd,Animals,Pink Floyd - Animals.jpg,ok,#2d2732,#4d3e40,#181828
Brian Eno,Another Green World,Brian Eno - Another Green World.jpg,ok,#e4e5e0,#c6c9bb,#f8f8f8
honeydip,Another Sunny Day,honeydip - Another Sunny Day.jpg,ok,#575445,#9e9571,#282828
Interpol,Antics,Interpol - Antics.jpg,ok,#f9f9f9,#fbfafa,#f8f8f8
"Black Country, New Road",Ants From Up There,"Black Country, New Road - Ants From Up There.jpg",ok,#976f46,#95795b,#986838
Duster,"Apex, Trance-Like","Duster - Apex, Trance-Like.jpg",ok,#e4dada,#c6c6c4,#f8e8e8
Masayoshi Fujita,Apologues,Masayoshi Fujita - Apologues.jpg,ok,#bebebe,#969697,#d8d8d8
Masayuki Takayanagi New Direction Unit,April Is the Cruellest Month,Masayuki Takayanagi New Direction Unit - April Is the Cruellest Month.jpg,ok,#282828,#414040,#181818
The Jimi Hendrix Experience,Are You Experienced,The Jimi Hendrix Experience - Are You Experienced.jpg,ok,#daa95c,#c59262,#e8b858
The Jimi Hendrix Experience,Are You Experienced?,The Jimi Hendrix Experience - Are You Experienced_.jpg,ok,#daa95c,#c59262,#e8b858
Satanicpornocultshop,Arkhaiomelisidonophunikheratos,Satanicpornocultshop - Arkhaiomelisidonophunikheratos.jpg,ok,#e2d1b2,#c1af91,#f8e8c8
John Coltrane,Ascension,John Coltrane - Ascension.jpg,ok,#e9e9e9,#d3d3d3,#f8f8f8
Krzysztof Komeda Quintet,Astigmatic,Krzysztof Komeda Quintet - Astigmatic.jpg,ok,#101010,#1d1b1b,#080808
Godspeed You! Black Emperor,"Asunder, Sweet and Other Distress","Godspeed You! Black Emperor - Asunder, Sweet and Other Distress.jpg",ok,#383838,#7f7f7f,#080808
Shellac,At Action Park,Shellac - At Action Park.jpg,ok,#e8c98b,#e7cb90,#e8c888
Harold Budd,Avalon Sutra,Harold Budd - Avalon Sutra.jpg,ok,#3d3410,#745f1d,#181808
Julia Holter,Aviary,Julia Holter - Aviary.jpg,ok,#121111,#211e1f,#080808
The Jimi Hendrix Experience,Axis: Bold as Love,The Jimi Hendrix Experience - Axis_ Bold as Love.jpg,ok,#523f2e,#c09167,#080808
Sigur Rós,Ba Ba Ti Ki Di Do,Sigur Rós - Ba Ba Ti Ki Di Do.jpg,ok,#fafafa,#fdfdfd,#f8f8f8
Sonic Youth,Bad Moon Rising,Sonic Youth - Bad Moon Rising.jpg,ok,#3a242c,#6c4e4a,#180818
Dirty Beaches,Badlands,Dirty Beaches - Badlands.jpg,ok,#dadada,#acacac,#f8f8f8
Various Artists,Bali & Sri Lanka (Gamelan et tambours des îles),Various Artists - Bali & Sri Lanka (Gamelan et tambours des îles).jpg,ok,#22342d,#484635,#082828
John Coltrane,Ballads,John Coltrane - Ballads.jpg,ok,#26210e,#3b2e18,#181808
The Pentangle,Basket of Light,The Pentangle - Basket of Light.jpg,ok,#55201a,#682b1d,#481818
BADBADNOTGOOD,BBNG2,BADBADNOTGOOD - BBNG2.jpg,ok,#565656,#545454,#585858
Bowery Electric,Beat,Bowery Electric - Beat.jpg,ok,#897d2a,#8a8545,#887818
Yellow Swans,Being There,Yellow Swans - Being There.jpg,ok,#5b585b,#777178,#484848
Sun Kil Moon,Benji,Sun Kil Moon - Benji.jpg,ok,#7294b4,#69767f,#78a8d8
Miles Davis,Big Fun,Miles Davis - Big Fun.jpg,ok,#1e485f,#264952,#184868
Björk,Biophilia,Björk - Biophilia.jpg,ok,#1e120e,#3e2218,#080808
Masayoshi Fujita & Jan Jelinek,"Bird, Lake, Objects","Masayoshi Fujita & Jan Jelinek - Bird, Lake, Objects.jpg",ok,#dadada,#adadad,#f8f8f8
Eiafuawn,Birds In The Ground,Eiafuawn - Birds In The Ground.jpg,ok,#739339,#6c8b3b,#789838
Miles Davis,Bitches Brew,Miles Davis - Bitches Brew.jpg,ok,#3d373c,#8d7d89,#080808
Bob Dylan,Blood On The Tracks,Bob Dylan - Blood On The Tracks.jpg,ok,#6d2e37,#5d3836,#782838
John Coltrane,Blue Train,John Coltrane - Blue Train.jpg,ok,#072224,#053135,#081818
Jonny Greenwood,Bodysong.,Jonny Greenwood - Bodysong..jpg,ok,#c8cac8,#7f847f,#f8f8f8
Pretend,"Bones in the Soil, Rust in the Oil","Pretend - Bones in the Soil, Rust in the Oil.jpg",ok,#d5c4aa,#b8a794,#e8d8b8
Boris,Boris at Last -Feedbacker-,Boris - Boris at Last -Feedbacker-.jpg,ok,#ddd2de,#cccace,#e8d8e8
Charli xcx,BRAT,Charli xcx - BRAT.jpg,ok,#87c705,#85c601,#88c808
Adrianne Lenker,Bright Future,Adrianne Lenker - Bright Future.jpg,ok,#34403d,#5f655d,#182828
Squid,Bright Green Field,Squid - Bright Green Field.jpg,ok,#9ac3cb,#6ca487,#b8d8f8
Bob Dylan,Bringing It All Back Home,Bob Dylan - Bringing It All Back Home.jpg,ok,#d7d3d4,#beb4b5,#e8e8e8
Nick Drake,Bryter Layter,Nick Drake - Bryter Layter.jpg,ok,#83658d,#7c607d,#886898
Calm,Calm,Calm - Calm.jpg,ok,#bf3a39,#b23c3b,#c83838
Can,Can,Can - Can.jpg,ok,#0c74b9,#126fa2,#0878c8
Arvo Pärt,Cantus in Memory of Benjamin Britten,Arvo Pärt - Cantus in Memory of Benjamin Britten.jpg,ok,#9fa3b8,#aa9b9f,#98a8c8
Big Thief,Capacity,Big Thief - Capacity.jpg,ok,#42312c,#69564a,#281818
Duster,Capsule Losing Contact,Duster - Capsule Losing Contact.jpg,ok,#858585,#808080,#888888
Sufjan Stevens,Carrie & Lowell,Sufjan Stevens - Carrie & Lowell.jpg,ok,#494b4a,#626866,#383838
black midi,Cavalcade,black midi - Cavalcade.jpg,ok,#2c3437,#49454e,#182828
Candy Claws,Ceres & Calypso in the Deep Time,Candy Claws - Ceres & Calypso in the Deep Time.jpg,ok,#b9c487,#bbbe85,#b8c888
Wire,Chairs Missing,Wire - Chairs Missing.jpg,ok,#d2d4ba,#9a9d8d,#f8f8d8
Unwound,Challenge for a Civilized Society,Unwound - Challenge for a Civilized Society.jpg,ok,#1b1f20,#374145,#080808
The Dismemberment Plan,Change,The Dismemberment Plan - Change.jpg,ok,#7c9dbb,#6b8da7,#88a8c8
Autechre,Chiastic Slide,Autechre - Chiastic Slide.jpg,ok,#f8f7f7,#f7f6f5,#f8f8f8
Boredoms,Chocolate Synthesizer,Boredoms - Chocolate Synthesizer.jpg,ok,#37222c,#7e4863,#080808
青葉市子 [Ichiko Aoba],choe,青葉市子 [Ichiko Aoba] - choe.jpg,ok,#d8dad7,#a8aca6,#f8f8f8
Duster,Christmas Dust,Duster - Christmas Dust.jpg,ok,#abb9bc,#97a2ab,#b8c8c8
Steve Reich,City Life / New York Counterpoint / Eight Lines / Violin Phase,Steve Reich - City Life _ New York Counterpoint _ Eight Lines _ Violin Phase.jpg,ok,#161a1d,#2c343c,#080808
Yes,Close To The Edge,Yes - Close To The Edge.jpg,ok,#253222,#395a31,#181818
Joy Division,Closer,Joy Division - Closer.jpg,ok,#e4e4e5,#c7c7c8,#f8f8f8
Cluster,Cluster II,Cluster - Cluster II.jpg,ok,#483a60,#796c53,#281868
John Coltrane,Coltrane,John Coltrane - Coltrane.jpg,ok,#222b32,#304759,#181818
John Coltrane,Coltrane's Sound,John Coltrane - Coltrane's Sound.jpg,ok,#e4e3e4,#c7c4c5,#f8f8f8
Radiohead,Com Lag (2Plus2IsFive),Radiohead - Com Lag (2Plus2IsFive).jpg,ok,#d6d7df,#a2a6ba,#f8f8f8
Mogwai,Come On Die Young,Mogwai - Come On Die Young.jpg,ok,#0b0b0a,#100f0e,#080808
Aphex Twin,Come To Daddy,Aphex Twin - Come To Daddy.jpg,ok,#dcdddc,#b3b4b3,#f8f8f8
Brigitte Fontaine,Comme à la Radio,Brigitte Fontaine - Comme à la Radio.jpg,ok,#d4d0d4,#9d949e,#f8f8f8
Minor Threat,Complete Discography,Minor Threat - Complete Discography.jpg,ok,#d31312,#9b0c0a,#f81818
Horse Lords,Comradely Objects,Horse Lords - Comradely Objects.jpg,ok,#4a6857,#4e6755,#486858
Autechre,Confield,Autechre - Confield.jpg,ok,#dfe0df,#b9bbb9,#f8f8f8
Sonic Youth,Confusion Is Sex,Sonic Youth - Confusion Is Sex.jpg,ok,#121212,#212121,#080808
Duster,Contemporary Movement,Duster - Contemporary Movement.jpg,ok,#1a2742,#343e52,#081838
青葉市子 [Ichiko Aoba],covers,青葉市子 [Ichiko Aoba] - covers.jpg,ok,#d8d2c2,#d8caba,#d8d8c8
John Coltrane,Crescent,John Coltrane - Crescent.jpg,ok,#262419,#3c3632,#181808
東京酒吐座 [Tokyo Shoegazer],Crystallize,,missing_image,,,
Tame Impala,Currents,Tame Impala - Currents.jpg,ok,#635264,#5b495d,#685868
The Smile,Cutouts,The Smile - Cutouts.jpg,ok,#242a2f,#35443a,#181828
Disco Inferno,D.I. Go Pop,Disco Inferno - D.I. Go Pop.jpg,ok,#718589,#7e8073,#688898
Thom Yorke & Flea / Wynton Marsalis,Daily Battles,Thom Yorke & Flea _ Wynton Marsalis - Daily Battles.jpg,ok,#1e969e,#3f9290,#0898a8
Cold Sun,Dark Shadows,Cold Sun - Dark Shadows.jpg,ok,#1c2026,#222d3a,#181818
Pink Floyd,Dark Side Of The Moon,Pink Floyd - Dark Side Of The Moon.jpg,ok,#080807,#070705,#080808
Ryoji Ikeda,Dataplex,Ryoji Ikeda - Dataplex.jpg,ok,#e4e4e4,#c6c5c6,#f8f8f8
Sonic Youth,Daydream Nation,Sonic Youth - Daydream Nation.jpg,ok,#1a2823,#364033,#081818
Anna von Hausswolff,Dead Magic,Anna von Hausswolff - Dead Magic.jpg,ok,#230b09,#4c100b,#080808
Have a Nice Life,Deathconsciousness,Have a Nice Life - Deathconsciousness.jpg,ok,#1e1a14,#3f3425,#080808
Björk,Debut,Björk - Debut.jpg,ok,#c8c4b5,#988e80,#e8e8d8
This Heat,Deceit,This Heat - Deceit.jpg,ok,#2f2b2b,#524847,#181818
Can,Delay 1968,Can - Delay 1968.jpg,ok,#cc3350,#a32b43,#e83858
Swans,Deliquescence,Swans - Deliquescence.jpg,ok,#85684e,#684f3e,#987858
King Crimson,Discipline,King Crimson - Discipline.jpg,ok,#941a36,#8d1d32,#981838
Brian Eno,Discreet Music,Brian Eno - Discreet Music.jpg,ok,#262826,#232823,#282828
The Cure,Disintegration,The Cure - Disintegration.jpg,ok,#2c2a28,#494540,#181818
DNA,DNA on DNA,DNA - DNA on DNA.jpg,ok,#dcdbda,#b3b0ae,#f8f8f8
Pixies,Doolittle,Pixies - Doolittle.jpg,ok,#7f7252,#8a8261,#786848
Diagnose Me Doc,Dose 1,Diagnose Me Doc - Dose 1.jpg,ok,#977b6c,#7e685b,#a88878
Stereolab,Dots And Loops,Stereolab - Dots And Loops.jpg,ok,#9cb63c,#89b242,#a8b838
Big Thief,Double Infinity,Big Thief - Double Infinity.jpg,ok,#0c1209,#11200b,#080808
Autechre,Draft 7.30,Autechre - Draft 7.30.jpg,ok,#cecbbe,#bfb8ae,#d8d8c8
Big Thief,Dragon New Warm Mountain I Believe in You,Big Thief - Dragon New Warm Mountain I Believe in You.jpg,ok,#f5f4e8,#f1ede7,#f8f8e8
Yellow Swans,Drowner,Yellow Swans - Drowner.jpg,ok,#f6f6f6,#f4f4f4,#f8f8f8
Aphex Twin,Drukqs,Aphex Twin - Drukqs.jpg,ok,#5e3a26,#7e563a,#482818
The Khan Jamal Creative Arts Ensemble,Drum Dance to the Motherland,The Khan Jamal Creative Arts Ensemble - Drum Dance to the Motherland.jpg,ok,#3b240f,#704e19,#180808
Liars,Drum's Not Dead,Liars - Drum's Not Dead.jpg,ok,#f5e1b1,#f1bf8e,#f8f8c8
Duke Ellington & John Coltrane,Duke Ellington & John Coltrane,Duke Ellington & John Coltrane - Duke Ellington & John Coltrane.jpg,ok,#0d0b0b,#14100f,#080808
Portishead,Dummy,Portishead - Dummy.jpg,ok,#0c2b67,#133065,#082868
Duster,Duster,Duster - Duster.jpg,ok,#3a3736,#6e6564,#181818
Valium Aggelein,Dweller on the Threshold,Valium Aggelein - Dweller on the Threshold.jpg,ok,#1a1b2a,#343846,#080818
Masayuki Takayanagi New Direction Unit,Eclipse,Masayuki Takayanagi New Direction Unit - Eclipse.jpg,ok,#33302f,#443b3a,#282828
Can,Ege Bamyasi,Can - Ege Bamyasi.jpg,ok,#272519,#555033,#080808
Jazz Band De Free,Ego,Jazz Band De Free - Ego.jpg,ok,#5c7150,#7b7f5d,#486848
Elliott Smith,Either/Or,Elliott Smith - Either_Or.jpg,ok,#3a4a4f,#6e655a,#183848
Nucleus,Elastic Rock,Nucleus - Elastic Rock.jpg,ok,#191716,#1b1613,#181818
The Jimi Hendrix Experience,Electric Ladyland,The Jimi Hendrix Experience - Electric Ladyland.jpg,ok,#76463e,#a45c46,#583838
Muddy Waters,Electric Mud,Muddy Waters - Electric Mud.jpg,ok,#dadbdc,#c6c8ca,#e8e8e8
The White Stripes,Elephant,The White Stripes - Elephant.jpg,ok,#301415,#6d2528,#080808
Pharoah Sanders,Elevation,Pharoah Sanders - Elevation.jpg,ok,#b6c3cc,#9ca3a3,#c8d8e8
Elliott Smith,Elliott Smith,Elliott Smith - Elliott Smith.jpg,ok,#dce0e8,#b1bbd1,#f8f8f8
Autechre,elseq 1–5,Autechre - elseq 1–5.jpg,ok,#2d2c2c,#4d4a4b,#181818
The Dismemberment Plan,Emergency & I,The Dismemberment Plan - Emergency & I.jpg,ok,#e2dad1,#c0ad96,#f8f8f8
Stereolab,Emperor Tomato Ketchup,Stereolab - Emperor Tomato Ketchup.jpg,ok,#d27631,#b28b3f,#e86828
Asia Menor,Enola Gay,Asia Menor - Enola Gay.jpg,ok,#626052,#716b60,#585848
The Soul,Enry Pete,The Soul - Enry Pete.jpg,ok,#b4b4b4,#afafaf,#b8b8b8
Alice Coltrane,Eternity,Alice Coltrane - Eternity.jpg,ok,#b2866f,#a9837a,#b88868
Kinoko Teikoku,eureka,Kinoko Teikoku - eureka.jpg,ok,#1d0f1e,#241a27,#180818
Moonshake,Eva Luna,Moonshake - Eva Luna.jpg,ok,#595b90,#5a5f85,#585898
Fripp & Eno,Evening Star,Fripp & Eno - Evening Star.jpg,ok,#ddded3,#b4b8b4,#f8f8e8
Mogwai,Every Country's Sun,Mogwai - Every Country's Sun.jpg,ok,#36292a,#634344,#181818
The Caretaker,Everywhere at the End of Time,The Caretaker - Everywhere at the End of Time.jpg,ok,#aab7b7,#959e9d,#b8c8c8
Sonic Youth,EVOL,Sonic Youth - EVOL.jpg,ok,#2e393b,#686a70,#081818
Autechre,Exai,Autechre - Exai.jpg,ok,#262624,#24231f,#282828
Fire! Orchestra,Exit!,Fire! Orchestra - Exit!.jpg,ok,#423230,#6a5a53,#281818
Fela Kuti,Expensive Shit/He Miss Road,Fela Kuti - Expensive Shit_He Miss Road.jpg,ok,#2b1c15,#5f3928,#080808
Duster,Experimental Dust,Duster - Experimental Dust.jpg,ok,#c1c1c0,#9e9e9d,#d8d8d8
Polvo,Exploded Drawing,Polvo - Exploded Drawing.jpg,ok,#ef131d,#e12425,#f80818
Godspeed You! Black Emperor,F♯ A♯ ∞,Godspeed You! Black Emperor - F♯ A♯ ∞.jpg,ok,#231424,#342635,#180818
Unwound,Fake Train,Unwound - Fake Train.jpg,ok,#c5a99a,#917b6d,#e8c8b8
Cornelius,Fantasma,Cornelius - Fantasma.jpg,ok,#f8e8da,#f9d1ad,#f8f8f8
Still House Plants,Fast Edit,Still House Plants - Fast Edit.jpg,ok,#e8e8e8,#cfcfcf,#f8f8f8
Faust,Faust,Faust - Faust.jpg,ok,#eaeaea,#d4d4d5,#f8f8f8
Faust,Faust IV,Faust - Faust IV.jpg,ok,#eee75f,#e0cd51,#f8f868
Talking Heads,Fear of Music,Talking Heads - Fear of Music.jpg,ok,#1a1818,#1d1718,#181818
OOIOO,Feather Float,OOIOO - Feather Float.jpg,ok,#467eb3,#728793,#2878c8
Animal Collective,Feels,Animal Collective - Feels.jpg,ok,#c9b996,#b2a27a,#d8c8a8
Melt-Banana,Fetch,Melt-Banana - Fetch.jpg,ok,#3b3d39,#888c83,#080808
These New Puritans,Field of Reeds,These New Puritans - Field of Reeds.jpg,ok,#ecedec,#dbdcdb,#f8f8f8
Elliott Smith,Figure 8,Elliott Smith - Figure 8.jpg,ok,#d5d0d1,#a19397,#f8f8f8
Aksak Maboul,Figures,Aksak Maboul - Figures.jpg,ok,#f0d3c0,#e5ccb4,#f8d8c8
Miles Davis,Filles De Kilimanjaro,Miles Davis - Filles De Kilimanjaro.jpg,ok,#302d2a,#544c44,#181818
Swans,Filth,Swans - Filth.jpg,ok,#1f1110,#411f1d,#080808
Múm,Finally We Are No One,Múm - Finally We Are No One.jpg,ok,#2d3e2a,#34462e,#283828
John Coltrane,First Meditations,John Coltrane - First Meditations.jpg,ok,#cee0dd,#8ebdb5,#f8f8f8
Comus,First Utterance,Comus - First Utterance.jpg,ok,#c8c8c8,#7f8081,#f8f8f8
Tomasz Stańko,Fish Face,Tomasz Stańko - Fish Face.jpg,ok,#efdeb2,#e1cfa9,#f8e8b8
Nick Drake,Five Leaves Left,Nick Drake - Five Leaves Left.jpg,ok,#2c7657,#4a7256,#187858
King Gizzard & The Lizard Wizard,Float Along - Fill Your Lungs,King Gizzard & The Lizard Wizard - Float Along - Fill Your Lungs.jpg,ok,#455a23,#888c34,#183818
Boris,Flood,Boris - Flood.jpg,ok,#2c80ad,#328db4,#2878a8
Flooding,Flooding,Flooding - Flooding.jpg,ok,#c6baaa,#aca494,#d8c8b8
吉村弘 [Hiroshi Yoshimura],Flora,吉村弘 [Hiroshi Yoshimura] - Flora.jpg,ok,#f82766,#f72663,#f82868
julie,flutter,julie - flutter.jpg,ok,#c0c0cc,#6d6b8a,#f8f8f8
King Gizzard & The Lizard Wizard,Flying Microtonal Banana,King Gizzard & The Lizard Wizard - Flying Microtonal Banana.jpg,ok,#3a3a37,#56564e,#282828
Flying Saucer Attack,Flying Saucer Attack,Flying Saucer Attack - Flying Saucer Attack.jpg,ok,#464064,#74638f,#282848
Muddy Waters,Folk Singer,Muddy Waters - Folk Singer.jpg,ok,#dcd6c6,#b2a493,#f8f8e8
toe,For Long Tomorrow,toe - For Long Tomorrow.jpg,ok,#464430,#736d54,#282818
"Black Country, New Road",For the first time,"Black Country, New Road - For the first time.jpg",ok,#d0d4d6,#959da2,#f8f8f8
Björk,Fossora,Björk - Fossora.jpg,ok,#151416,#28272a,#080808
Yes,Fragile,Yes - Fragile.jpg,ok,#4f5685,#596c80,#484888
Ornette Coleman,Free Jazz: A Collective Improvisation,Ornette Coleman - Free Jazz_ A Collective Improvisation.jpg,ok,#ccccbe,#bbbbaf,#d8d8c8
Arcade Fire,Funeral,Arcade Fire - Funeral.jpg,ok,#bd7459,#ac6d5a,#c87858
Can,Future Days,Can - Future Days.jpg,ok,#0f1d64,#19255e,#081868
The Strokes,Future Present Past,The Strokes - Future Present Past.jpg,ok,#f2e2c0,#ead9b3,#f8e8c8
Godspeed You! Black Emperor,G_d's Pee AT STATE'S END!,Godspeed You! Black Emperor - G_d's Pee AT STATE'S END!.jpg,ok,#e6e5d6,#e2e0d4,#e8e8d8
OOIOO,Gamel,OOIOO - Gamel.jpg,ok,#e1e6e0,#bfccbd,#f8f8f8
Various Artists,Gamelan Semar Pegulingan (Gamelan Of The Love God),Various Artists - Gamelan Semar Pegulingan (Gamelan Of The Love God).jpg,ok,#f4e2cf,#eed8c1,#f8e8d8
Autechre,Gantz Graf,Autechre - Gantz Graf.jpg,ok,#5b5c6d,#5f6274,#585868
Boards of Canada,Geogaddi,Boards of Canada - Geogaddi.jpg,ok,#af2427,#b93526,#a81828
Takashi Kokubo,Get at the Wave,Takashi Kokubo - Get at the Wave.jpg,ok,#e6dbdb,#cbafb0,#f8f8f8
Bôa,Get There,Bôa - Get There.jpg,ok,#c2bfc0,#726a6b,#f8f8f8
Miles Davis,Get Up With It,Miles Davis - Get Up With It.jpg,ok,#745346,#86645c,#684838
Geese,Getting Killed,Geese - Getting Killed.jpg,ok,#d6e2ed,#a4c1dc,#f8f8f8
John Coltrane,Giant Steps,John Coltrane - Giant Steps.jpg,ok,#dacccc,#ad8a89,#f8f8f8
John Coltrane,Giant Steps (Mono),John Coltrane - Giant Steps (Mono).jpg,ok,#dad4d4,#ad9f9e,#f8f8f8
Philip Glass,Glassworks,Philip Glass - Glassworks.jpg,ok,#474646,#a6a4a4,#080808
Squarepusher,Go Plastic,Squarepusher - Go Plastic.jpg,ok,#332827,#433f3e,#281818
Sun Ra,God Is More Than Love Can Ever Be,Sun Ra - God Is More Than Love Can Ever Be.jpg,ok,#eee0cf,#debba9,#f8f8e8
Yellow Swans,Going Places,Yellow Swans - Going Places.jpg,ok,#6a696b,#9c9b9f,#484848
OOIOO,gold & green,OOIOO - gold & green.jpg,ok,#4be8b8,#4fcf89,#48f8d8
Jeff Buckley,Grace,Jeff Buckley - Grace.jpg,ok,#1e1719,#3f2d32,#080808
吉村弘 [Hiroshi Yoshimura],Green,,missing_image,,,
吉村弘 [Hiroshi Yoshimura],Green (SFX Version),吉村弘 [Hiroshi Yoshimura] - Green (SFX Version).jpg,ok,#c9dad4,#82ad9e,#f8f8f8
Broadcast,Haha Sound,Broadcast - Haha Sound.jpg,ok,#2f2d2c,#696562,#080808
Radiohead,Hail To The Thief,Radiohead - Hail To The Thief.jpg,ok,#708a9c,#7b7673,#6898b8
Radiohead,Hail to the Thief (Live Recordings 2003-2009),Radiohead - Hail to the Thief (Live Recordings 2003-2009).jpg,ok,#ea2e2e,#ec3836,#e82828
The Necks,Hanging Gardens,The Necks - Hanging Gardens.jpg,ok,#3e5f6e,#486978,#385868
Tim Buckley,Happy Sad,Tim Buckley - Happy Sad.jpg,ok,#523a31,#7a563f,#382828
Mogwai,Happy Songs for Happy People,Mogwai - Happy Songs for Happy People.jpg,ok,#b5b3b2,#b0aba9,#b8b8b8
Mogwai,"Hardcore Will Never Die, But You Will","Mogwai - Hardcore Will Never Die, But You Will.jpg",ok,#3a3e43,#555e6c,#282828
Radiohead,Harry Patch (In Memory Of),Radiohead - Harry Patch (In Memory Of).jpg,ok,#c8c8c8,#b1b0b1,#d8d8d8
Julia Holter,Have You In My Wilderness,Julia Holter - Have You In My Wilderness.jpg,ok,#f0f0ed,#e4e3dd,#f8f8f8
A Silver Mt. Zion,He Has Left Us Alone But Shafts Of Light Sometimes Grace The Corners Of Our Rooms,A Silver Mt. Zion - He Has Left Us Alone But Shafts Of Light Sometimes Grace The Corners Of Our Rooms.jpg,ok,#887153,#88664c,#887858
This Heat,Health and Efficiency EP,This Heat - Health and Efficiency EP.jpg,ok,#c3c3ea,#7474d6,#f8f8f8
Thom Yorke,Hearing Damage,Thom Yorke - Hearing Damage.jpg,ok,#99958d,#827865,#a8a8a8
Cocteau Twins,Heaven or Las Vegas,Cocteau Twins - Heaven or Las Vegas.jpg,ok,#c94642,#9a4451,#e84838
Les Rallizes Dénudés,Heavier Than A Death In The Family,Les Rallizes Dénudés - Heavier Than A Death In The Family.jpg,ok,#434b40,#83807b,#182818
Cameron Winter,Heavy Metal,Cameron Winter - Heavy Metal.jpg,ok,#605965,#6c5a60,#585868
Sigur Rós,Heim,Sigur Rós - Heim.jpg,ok,#532620,#633a2c,#481818
Pram,Helium,Pram - Helium.jpg,ok,#4b3247,#97585d,#181838
black midi,Hellfire,black midi - Hellfire.jpg,ok,#482a2f,#774652,#281818
Various Artists,HELP(2),Various Artists - HELP(2).jpg,ok,#b2b1b1,#a8a6a6,#b8b8b8
Fleet Foxes,Helplessness Blues,Fleet Foxes - Helplessness Blues.jpg,ok,#31281a,#6e5935,#080808
Arcade Fire,Her,Arcade Fire - Her.jpg,ok,#d7d4d1,#beb5ae,#e8e8e8
.O.Rang,Herd of Instinct,.O.Rang - Herd of Instinct.jpg,ok,#474341,#5e544e,#383838
The Sonics,Here Are The Sonics!!!,The Sonics - Here Are The Sonics!!!.jpg,ok,#453c3d,#58595c,#382828
Animal Collective,Here Comes the Indian,Animal Collective - Here Comes the Indian.jpg,ok,#2e2a3a,#665d6d,#080818
David Bowie,Heroes,David Bowie - Heroes.jpg,ok,#424134,#524e46,#383828
Bark Psychosis,Hex,Bark Psychosis - Hex.jpg,ok,#2e2a2f,#362d3a,#282828
Björk,Hidden Place,Björk - Hidden Place.jpg,ok,#1f1b1b,#423838,#080808
Valium Aggelein,Hier Kommt Der Schwartze Mond,Valium Aggelein - Hier Kommt Der Schwartze Mond.jpg,ok,#d2b37a,#c8ac7e,#d8b878
Able Noise,High Tide,,missing_image,,,
Bob Dylan,Highway 61 Revisited,Bob Dylan - Highway 61 Revisited.jpg,ok,#575558,#868188,#383838
Sigur Rós,Hlemmur,Sigur Rós - Hlemmur.jpg,ok,#d8caba,#d9ccbe,#d8c8b8
Slowdive,Holding Our Breath,Slowdive - Holding Our Breath.jpg,ok,#ed7219,#dd6a1a,#f87818
Totorro,Home Alone,Totorro - Home Alone.jpg,ok,#d9b895,#dab791,#d8b898
Björk,Homogenic,Björk - Homogenic.jpg,ok,#bcb6c6,#a99aab,#c8c8d8
Björk,Homogenic Live,Björk - Homogenic Live.jpg,ok,#1e2021,#3e4446,#080808
Popol Vuh,Hosianna Mantra,Popol Vuh - Hosianna Mantra.jpg,ok,#7a2725,#7d3d38,#781818
Frank Zappa,Hot Rats,Frank Zappa - Hot Rats.jpg,ok,#a2546a,#99666d,#a84868
Long Fin Killie,Houdini,Long Fin Killie - Houdini.jpg,ok,#404444,#656f6d,#282828
Adrianne Lenker,Hours Were the Birds,Adrianne Lenker - Hours Were the Birds.jpg,ok,#2c3d31,#4a443e,#183828
Howlin' Wolf,Howlin' Wolf,Howlin' Wolf - Howlin' Wolf.jpg,ok,#595647,#5b5446,#585848
Arctic Monkeys,Humbug,Arctic Monkeys - Humbug.jpg,ok,#652454,#794e67,#580848
Sigur Rós,Hvarf,Sigur Rós - Hvarf.jpg,ok,#2f4f5b,#3a595f,#284858
Lightning Bolt,Hypermagic Mountain,Lightning Bolt - Hypermagic Mountain.jpg,ok,#a25a37,#99744e,#a84828
Talk Talk,I Believe in You,Talk Talk - I Believe in You.jpg,ok,#121214,#202226,#080808
Low,I Could Live in Hope,Low - I Could Live in Hope.jpg,ok,#a77c3c,#a68242,#a87838
Current 93,I Have a Special Plan for This World,Current 93 - I Have a Special Plan for This World.jpg,ok,#aa565a,#966b74,#b84848
Radiohead,I Might Be Wrong: Live Recordings,Radiohead - I Might Be Wrong_ Live Recordings.jpg,ok,#28241c,#584f3a,#080808
Slowdive,I Saw The Sun,Slowdive - I Saw The Sun.jpg,ok,#f3f2f1,#ece8e6,#f8f8f8
Paddy McAloon,I Trawl the Megahertz,Paddy McAloon - I Trawl the Megahertz.jpg,ok,#f6f4f5,#f4eff0,#f8f8f8
King Gizzard & The Lizard Wizard,I'm In Your Mind Fuzz,King Gizzard & The Lizard Wizard - I'm In Your Mind Fuzz.jpg,ok,#293024,#435537,#181818
青葉市子 [Ichiko Aoba],Ichiko Aoba with 12 Ensemble (Live at Milton Court),青葉市子 [Ichiko Aoba] - Ichiko Aoba with 12 Ensemble (Live at Milton Court).jpg,ok,#181818,#191919,#181818
Still House Plants,"If I don't make it, I love u","Still House Plants - If I don't make it, I love u.jpg",ok,#e1d2c5,#bf9978,#f8f8f8
Radiohead,Ill Wind,Radiohead - Ill Wind.jpg,ok,#2e3f5b,#38495f,#283858
Sufjan Stevens,Illinois,Sufjan Stevens - Illinois.jpg,ok,#30302b,#545448,#181818
John Coltrane,Impressions,John Coltrane - Impressions.jpg,ok,#161415,#2a2628,#080808
Miles Davis,In A Silent Way,Miles Davis - In A Silent Way.jpg,ok,#282818,#292818,#282818
Henry Cow,In Praise of Learning,Henry Cow - In Praise of Learning.jpg,ok,#c01c1c,#b42122,#c81818
Radiohead,In Rainbows,Radiohead - In Rainbows.jpg,ok,#31231a,#6e4b34,#080808
Radiohead,In Rainbows - From the Basement,Radiohead - In Rainbows - From the Basement.jpg,ok,#34221d,#77493c,#080808
Radiohead,In Rainbows Disk 2,Radiohead - In Rainbows Disk 2.jpg,ok,#3c3431,#725e3e,#181828
Neutral Milk Hotel,In The Aeroplane Over The Sea,Neutral Milk Hotel - In The Aeroplane Over The Sea.jpg,ok,#bbb78b,#a79e77,#c8c898
King Crimson,In the Court of the Crimson King,King Crimson - In the Court of the Crimson King.jpg,ok,#9b7a7a,#a07e7e,#987878
Nirvana,In Utero,Nirvana - In Utero.jpg,ok,#f5f1d0,#f0e7c5,#f8f8d8
Autechre,Incunabula,Autechre - Incunabula.jpg,ok,#dedcd7,#b7b3a5,#f8f8f8
Bark Psychosis,Independency,Bark Psychosis - Independency.jpg,ok,#3c393a,#716b6d,#181818
Tame Impala,Innerspeaker,Tame Impala - Innerspeaker.jpg,ok,#c3caa6,#748672,#f8f8c8
Sigur Rós,Inní,Sigur Rós - Inní.jpg,ok,#292928,#434240,#181818
John Coltrane,Interstellar Space,John Coltrane - Interstellar Space.jpg,ok,#5f311a,#99571c,#381818
The Strokes,Is This It,The Strokes - Is This It.jpg,ok,#c49933,#776a44,#f8b828
My Bloody Valentine,Isn't Anything,My Bloody Valentine - Isn't Anything.jpg,ok,#f2edeb,#e9dcd8,#f8f8f8
The Microphones,"It Was Hot, We Stayed In The Water","The Microphones - It Was Hot, We Stayed In The Water.jpg",ok,#413e3a,#7e776c,#181818
James Ferraro,Jarvid 9: Gecko,James Ferraro - Jarvid 9_ Gecko.jpg,ok,#6a6a6a,#848484,#585858
K.R.T. Wasitodipuro,"Javanese Court Gamelan From The Pura Paku Alaman, Jogyakarta","K.R.T. Wasitodipuro - Javanese Court Gamelan From The Pura Paku Alaman, Jogyakarta.jpg",ok,#e0d5cf,#d4d1c2,#e8d8d8
Sufjan Stevens,Javelin,Sufjan Stevens - Javelin.jpg,ok,#a0836d,#947c74,#a88868
Pharoah Sanders,Jewels of Thought,Pharoah Sanders - Jewels of Thought.jpg,ok,#2e2420,#4f372c,#181818
Alice Coltrane,Journey in Satchidananda,Alice Coltrane - Journey in Satchidananda.jpg,ok,#aa4331,#ad543f,#a83828
Vashti Bunyan,Just Another Diamond Day,Vashti Bunyan - Just Another Diamond Day.jpg,ok,#312e2b,#565047,#181818
Slowdive,Just for a Day,Slowdive - Just for a Day.jpg,ok,#863b24,#823f1f,#883828
Various Artists,"Kankyō Ongaku: Japanese Ambient, Environmental & New Age Music 1980–1990","Various Artists - Kankyō Ongaku_ Japanese Ambient, Environmental & New Age Music 1980–1990.jpg",ok,#567db3,#546d93,#5888c8
Pharoah Sanders,Karma,Pharoah Sanders - Karma.jpg,ok,#32150f,#582919,#180808
Preoccupations,Key / Off Duty Trip,Preoccupations - Key _ Off Duty Trip.jpg,ok,#c8af9d,#c7a28c,#c8b8a8
Zoo,Khawagaka,Zoo - Khawagaka.jpg,ok,#322322,#403330,#281818
MKWAJU ensemble,KI‐Motion,MKWAJU ensemble - KI‐Motion.jpg,ok,#f7f6f2,#f5f3ea,#f8f8f8
Radiohead,Kid A,Radiohead - Kid A.jpg,ok,#373737,#7d7e7e,#080808
Radiohead,KID A MNESIA,Radiohead - KID A MNESIA.jpg,ok,#323233,#717073,#080808
Kikuo,Kikuo Miku 6,Kikuo - Kikuo Miku 6.jpg,ok,#d8d7d8,#bfbec0,#e8e8e8
Lowercase,Kill the Lights,Lowercase - Kill the Lights.jpg,ok,#94897d,#76736c,#a89888
Miles Davis,Kind Of Blue,Miles Davis - Kind Of Blue.jpg,ok,#0f0f0f,#1a1a1a,#080808
The Crimson Jazz Trio,"King Crimson Songbook, Volume 1","The Crimson Jazz Trio - King Crimson Songbook, Volume 1.jpg",ok,#d4c6c2,#9d7a70,#f8f8f8
Radiohead,Knives Out,Radiohead - Knives Out.jpg,ok,#c8c5ba,#81785e,#f8f8f8
Lily Chou‐Chou,Kokyuu,Lily Chou‐Chou - Kokyuu.jpg,ok,#22432a,#325446,#183818
Sigur Rós,Kveikur,Sigur Rós - Kveikur.jpg,ok,#0c0c0c,#131313,#080808
Spiritualized,Ladies and Gentlemen We Are Floating in Space,Spiritualized - Ladies and Gentlemen We Are Floating in Space.jpg,ok,#d0d3dc,#939cb3,#f8f8f8
Sun Ra,Lanquidity,Sun Ra - Lanquidity.jpg,ok,#998c8d,#9b7b7c,#989898
King Crimson,Larks' Tongues in Aspic,King Crimson - Larks' Tongues in Aspic.jpg,ok,#f0e3de,#e4c4b8,#f8f8f8
Talk Talk,Laughing Stock,Talk Talk - Laughing Stock.jpg,ok,#d0ced4,#958f9f,#f8f8f8
L. Subramaniam,Le violon de l'Inde du Sud,L. Subramaniam - Le violon de l'Inde du Sud.jpg,ok,#423430,#805f54,#181818
Unwound,Leaves Turn Inside You,Unwound - Leaves Turn Inside You.jpg,ok,#2a2927,#2d2a25,#282828
Art Ensemble of Chicago,Les Stances à Sophie,Art Ensemble of Chicago - Les Stances à Sophie.jpg,ok,#211423,#2f2733,#180818
The Beatles,Let It Be,The Beatles - Let It Be.jpg,ok,#1f1a1a,#413636,#080808
The Beatles,Let It Be... Naked,The Beatles - Let It Be... Naked.jpg,ok,#373838,#7d7f7f,#080808
Charles Mingus,Let My Children Hear Music,Charles Mingus - Let My Children Hear Music.jpg,ok,#221c19,#30231b,#181818
Godspeed You! Black Emperor,Lift Your Skinny Fists Like Antennas to Heaven,Godspeed You! Black Emperor - Lift Your Skinny Fists Like Antennas to Heaven.jpg,ok,#966557,#946056,#986858
the Microphones,Little Bird Flies Into A Big Black Cloud,the Microphones - Little Bird Flies Into A Big Black Cloud.jpg,ok,#f4e7e8,#efced1,#f8f8f8
John Coltrane,Live at Birdland,John Coltrane - Live at Birdland.jpg,ok,#1a1b1b,#353737,#080808
Radiohead,Live At Bonnaroo,Radiohead - Live At Bonnaroo.jpg,ok,#1a2c5f,#354a69,#081858
Radiohead,Live at Ether Festival,,missing_image,,,
Big Thief,Live at Gunnersbury Park,Big Thief - Live at Gunnersbury Park.jpg,ok,#413f3d,#4f4a45,#383838
Adrianne Lenker,Live at Revolution Hall,Adrianne Lenker - Live at Revolution Hall.jpg,ok,#d8cf7c,#d9c183,#d8d878
Alice Coltrane,Live at the Berkeley Community Theater 1972,Alice Coltrane - Live at the Berkeley Community Theater 1972.jpg,ok,#262222,#3a3231,#181818
Big Thief,Live at The Bunker Studio,Big Thief - Live at The Bunker Studio.jpg,ok,#151515,#292929,#080808
John Coltrane,Live at the Village Vanguard Again!,John Coltrane - Live at the Village Vanguard Again!.jpg,ok,#1d1712,#3c2e21,#080808
Radiohead,Live In Berlin,Radiohead - Live In Berlin.jpg,ok,#2a2a2d,#45444d,#181818
John Coltrane,Live In Japan,John Coltrane - Live In Japan.jpg,ok,#bacacb,#5d8487,#f8f8f8
Duster,Live in San Francisco,Duster - Live in San Francisco.jpg,ok,#c2cedf,#a0a7b9,#d8e8f8
Duster,Live In Seattle,Duster - Live In Seattle.jpg,ok,#4b494a,#807b7d,#282828
The Coma Lillies,Live on KAXL,The Coma Lillies - Live on KAXL.jpg,ok,#424e4b,#52574f,#384848
Swans,Live Rope,Swans - Live Rope.jpg,ok,#bdab82,#ac9779,#c8b888
Beth Gibbons,Lives Outgrown,Beth Gibbons - Lives Outgrown.jpg,ok,#110e0a,#1f160d,#080808
The Velvet Underground,Loaded,The Velvet Underground - Loaded.jpg,ok,#cfc4c4,#aa8e8d,#e8e8e8
Crumb,Locket,Crumb - Locket.jpg,ok,#bbd0e9,#c0c4d3,#b8d8f8
Tame Impala,Lonerism,Tame Impala - Lonerism.jpg,ok,#c7b898,#7e8981,#f8d8a8
Still House Plants,Long Play,Still House Plants - Long Play.jpg,ok,#f1f1f1,#e6e6e6,#f8f8f8
Fishmans,LONG SEASON,Fishmans - LONG SEASON.jpg,ok,#555350,#807b73,#383838
Vashti Bunyan,Lookaftering,Vashti Bunyan - Lookaftering.jpg,ok,#d3cca9,#cbb992,#d8d8b8
Jan Jelinek,Loop-Finding-Jazz-Records,Jan Jelinek - Loop-Finding-Jazz-Records.jpg,ok,#f7c99e,#f5cba7,#f8c898
Tim Buckley,Lorca,Tim Buckley - Lorca.jpg,ok,#d8d8e5,#c0bfc8,#e8e8f8
The Books,Lost and Safe,The Books - Lost and Safe.jpg,ok,#4fb850,#5ab85b,#48b848
Julia Holter,Loud City Song,Julia Holter - Loud City Song.jpg,ok,#20181c,#2c1923,#181818
The Beatles,Love,The Beatles - Love.jpg,ok,#e3ac16,#dc9b13,#e8b818
Pharoah Sanders,Love in Us All,Pharoah Sanders - Love in Us All.jpg,ok,#253d91,#212c6f,#2848a8
Swans,Love Of Life,Swans - Love Of Life.jpg,ok,#dca52d,#cb8934,#e8b828
"Love, Claire","Love, Claire","Love, Claire - Love, Claire.jpg",ok,#a3b8b6,#9ba09b,#a8c8c8
My Bloody Valentine,Loveless,My Bloody Valentine - Loveless.jpg,ok,#a04164,#933646,#a84878
David Bowie,Low,David Bowie - Low.jpg,ok,#684223,#af6934,#382818
Duster,Low Earth Orbit,Duster - Low Earth Orbit.jpg,ok,#1b1c1f,#383a42,#080808
Autechre,LP5,Autechre - LP5.jpg,ok,#4a474a,#4d454d,#484848
Godspeed You! Black Emperor,Luciferian Towers,Godspeed You! Black Emperor - Luciferian Towers.jpg,ok,#efeeeb,#e2ded8,#f8f8f8
青葉市子 [Ichiko Aoba],Luminescent Creatures,青葉市子 [Ichiko Aoba] - Luminescent Creatures.jpg,ok,#1c425f,#235169,#183858
My Bloody Valentine,m b v,My Bloody Valentine - m b v.jpg,ok,#364391,#333c86,#384898
Macha & Bedhead,Macha Loved Bedhead,Macha & Bedhead - Macha Loved Bedhead.jpg,ok,#d7d5a8,#d6d0a7,#d8d8a8
Peter Brötzmann,Machine Gun,Peter Brötzmann - Machine Gun.jpg,ok,#f7f1ef,#f5e6e2,#f8f8f8
This Heat,Made Available: John Peel Sessions,This Heat - Made Available_ John Peel Sessions.jpg,ok,#6a463e,#9c725f,#482828
Funkadelic,Maggot Brain,Funkadelic - Maggot Brain.jpg,ok,#171615,#2d2a28,#080808
The Beatles,Magical Mystery Tour,The Beatles - Magical Mystery Tour.jpg,ok,#e0bb40,#bca77c,#f8c818
Tujiko Noriko,Make Me Hard,Tujiko Noriko - Make Me Hard.jpg,ok,#e6e3e2,#cac3c1,#f8f8f8
Mark Hollis,Mark Hollis,Mark Hollis - Mark Hollis.jpg,ok,#dddedc,#b4b7b3,#f8f8f8
Television,Marquee Moon,Television - Marquee Moon.jpg,ok,#1b181a,#383136,#080808
Stereolab,Mars Audiac Quintet,Stereolab - Mars Audiac Quintet.jpg,ok,#e4b310,#c57c1b,#f8d808
Kikagaku Moyo,Masana Temples,Kikagaku Moyo - Masana Temples.jpg,ok,#d6d0cc,#a2938b,#f8f8f8
Masayuki Takayanagi New Direction Unit,Mass Hysterism In Another Situation,Masayuki Takayanagi New Direction Unit - Mass Hysterism In Another Situation.jpg,ok,#6a3d39,#6c443a,#683838
Mass of the Fermenting Dregs,Mass of the Fermenting Dregs,Mass of the Fermenting Dregs - Mass of the Fermenting Dregs.jpg,ok,#efebeb,#e2d8d8,#f8f8f8
Big Thief,Masterpiece,Big Thief - Masterpiece.jpg,ok,#403c4a,#655b65,#282838
Sigur Rós,Með Suð Í Eyrum Við Spilum Endalaust,Sigur Rós - Með Suð Í Eyrum Við Spilum Endalaust.jpg,ok,#9a9c83,#9ea194,#989878
Pink Floyd,Meddle,Pink Floyd - Meddle.jpg,ok,#695356,#52636c,#784848
John Coltrane,Meditations,John Coltrane - Meditations.jpg,ok,#34201c,#462d21,#281818
Björk,Medúlla,Björk - Medúlla.jpg,ok,#b2aeb0,#92888b,#c8c8c8
Ryo Fukui,Mellow Dream,Ryo Fukui - Mellow Dream.jpg,ok,#a5d6e6,#a0d2e3,#a8d8e8
Animal Collective,Merriweather Post Pavilion,Animal Collective - Merriweather Post Pavilion.jpg,ok,#7a9a64,#666e77,#88b858
Massive Attack,Mezzanine,Massive Attack - Mezzanine.jpg,ok,#eeeeee,#e0e0e0,#f8f8f8
Sufjan Stevens,Michigan,Sufjan Stevens - Michigan.jpg,ok,#ebddcd,#d8cdbc,#f8e8d8
Miles Davis,Miles In The Sky,Miles Davis - Miles In The Sky.jpg,ok,#5a6379,#8c5b4b,#386898
Miles Davis,Miles Smiles,Miles Davis - Miles Smiles.jpg,ok,#ca5e38,#b44e38,#d86838
Tortoise,Millions Now Living Will Never Die,Tortoise - Millions Now Living Will Never Die.jpg,ok,#c9daec,#b3c5db,#d8e8f8
Charles Mingus,Mingus Ah Um,Charles Mingus - Mingus Ah Um.jpg,ok,#3d3733,#8d7d74,#080808
Charles Mingus,Mingus Mingus Mingus Mingus Mingus,Charles Mingus - Mingus Mingus Mingus Mingus Mingus.jpg,ok,#e3cd9e,#c4a576,#f8e8b8
Talk Talk,Missing Pieces,Talk Talk - Missing Pieces.jpg,ok,#e0d9d6,#bbaaa2,#f8f8f8
Art Blakey and the Jazz Messengers,Moanin',Art Blakey and the Jazz Messengers - Moanin'.jpg,ok,#1e2018,#282b19,#181818
Howlin' Wolf,Moanin’ in the Moonlight,Howlin' Wolf - Moanin’ in the Moonlight.jpg,ok,#d2c7c0,#c8c6b4,#d8c8c8
Mogwai,Mogwai Young Team,Mogwai - Mogwai Young Team.jpg,ok,#382c2e,#686268,#180808
Thelonious Monk,Monk's Music,Thelonious Monk - Monk's Music.jpg,ok,#4c4544,#81716e,#282828
Can,Monster Movie,Can - Monster Movie.jpg,ok,#5291c6,#6287aa,#4898d8
Slowdive,Morningrise,Slowdive - Morningrise.jpg,ok,#3a2e22,#6e5032,#181818
The Microphones,Mount Eerie,The Microphones - Mount Eerie.jpg,ok,#414042,#4e4d52,#383838
Mogwai,Mr Beast,Mogwai - Mr Beast.jpg,ok,#2c201c,#61453b,#080808
King Gizzard & The Lizard Wizard,Murder of the Universe,King Gizzard & The Lizard Wizard - Murder of the Universe.jpg,ok,#31322c,#3e4032,#282828
Sonic Youth,Murray Street,Sonic Youth - Murray Street.jpg,ok,#2f312e,#51574f,#181818
Steve Reich,Music for 18 Musicians,Steve Reich - Music for 18 Musicians.jpg,ok,#9da99e,#a4aaa6,#98a898
吉村弘 [Hiroshi Yoshimura],Music For Nine Post Cards,吉村弘 [Hiroshi Yoshimura] - Music For Nine Post Cards.jpg,ok,#f8f8f8,#f9f9f9,#f8f8f8
Boards of Canada,Music Has The Right To Children,Boards of Canada - Music Has The Right To Children.jpg,ok,#8dd8d8,#64c0c1,#a8e8e8
Philip Glass,Music in Twelve Parts,Philip Glass - Music in Twelve Parts.jpg,ok,#c93a26,#cb3d23,#c83828
Steven Stapleton & David Tibet,Musical Pumpkin Cottage,Steven Stapleton & David Tibet - Musical Pumpkin Cottage.jpg,ok,#616649,#867a63,#485838
julie,my anti-aircraft friend,julie - my anti-aircraft friend.jpg,ok,#ececec,#dbdbdb,#f8f8f8
Sarathy Korwar & Upaj Collective,My East Is Your West,Sarathy Korwar & Upaj Collective - My East Is Your West.jpg,ok,#eeeeee,#e0e0e0,#f8f8f8
Swans,My Father Will Guide Me Up a Rope to the Sky,Swans - My Father Will Guide Me Up a Rope to the Sky.jpg,ok,#101f30,#1b293d,#081828
John Coltrane,My Favorite Things,John Coltrane - My Favorite Things.jpg,ok,#102934,#1d5b75,#080808
OOIOO,n i j i m u s i,OOIOO - n i j i m u s i.jpg,ok,#faf9f9,#fcfbfb,#f8f8f8
John Zorn,Naked City,John Zorn - Naked City.jpg,ok,#8d8b8b,#7c7778,#989898
Itoh Masyitoh & Rineka Swara,Naon Margina,Itoh Masyitoh & Rineka Swara - Naon Margina.jpg,ok,#ded2b9,#b79873,#f8f8e8
Neu!,NEU!,Neu! - NEU!.jpg,ok,#f9f4f4,#fbeded,#f8f8f8
Nirvana,Nevermind,Nirvana - Nevermind.jpg,ok,#525a9b,#49759f,#584898
Toumani Diabate with Ballaké Sissoko,New Ancient Strings,Toumani Diabate with Ballaké Sissoko - New Ancient Strings.jpg,ok,#e2e5d9,#c2c8c3,#f8f8e8
Colin Stetson,New History Warfare Vol. 2: Judges,Colin Stetson - New History Warfare Vol. 2_ Judges.jpg,ok,#141212,#252020,#080808
Colin Stetson,New History Warfare Vol. 3: To See More Light,Colin Stetson - New History Warfare Vol. 3_ To See More Light.jpg,ok,#3d4847,#5d5f5d,#283838
Unwound,New Plastic Ideas,Unwound - New Plastic Ideas.jpg,ok,#282935,#585b61,#080818
toe,New Sentimentality,toe - New Sentimentality.jpg,ok,#a07642,#ac8b50,#986838
John Coltrane,Newport '63,John Coltrane - Newport '63.jpg,ok,#484745,#918d88,#181818
Palm,Nicks and Grazes,Palm - Nicks and Grazes.jpg,ok,#48433a,#8f846e,#181818
Arooj Aftab,Night Reign,Arooj Aftab - Night Reign.jpg,ok,#121212,#202020,#080808
Big Thief,No Fear: Big Thief Live At Way Out West 2024,Big Thief - No Fear_ Big Thief Live At Way Out West 2024.jpg,ok,#5b4335,#483c30,#684838
YHWH Nailgun,No Midwife and I Wingflap,YHWH Nailgun - No Midwife and I Wingflap.jpg,ok,#ebe6e7,#d8cacd,#f8f8f8
Various Artists,No New York,Various Artists - No New York.jpg,ok,#c4c6cc,#8d928a,#e8e8f8
King Gizzard & The Lizard Wizard,Nonagon Infinity,King Gizzard & The Lizard Wizard - Nonagon Infinity.jpg,ok,#38201b,#4f2d1f,#281818
Ride,Nowhere,Ride - Nowhere.jpg,ok,#4890af,#4785a2,#4898b8
Autechre,NTS Sessions 1–4,Autechre - NTS Sessions 1–4.jpg,ok,#d6d6d6,#a2a2a2,#f8f8f8
Sonic Youth,NYC Ghosts & Flowers,Sonic Youth - NYC Ghosts & Flowers.jpg,ok,#dcd6d7,#b2a2a6,#f8f8f8
Squid,O Monolith,Squid - O Monolith.jpg,ok,#d7d6d6,#d6d4d3,#d8d8d8
Pink Floyd,Obscured by Clouds,Pink Floyd - Obscured by Clouds.jpg,ok,#333e3a,#5b5e55,#182828
Steve Reich,Octet / Music for a Large Ensemble / Violin Phase,Steve Reich - Octet _ Music for a Large Ensemble _ Violin Phase.jpg,ok,#f3f0ca,#ece5ce,#f8f8c8
Radiohead,OK Computer,Radiohead - OK Computer.jpg,ok,#e8edf0,#d1dde5,#f8f8f8
Radiohead,OK Computer OKNOTOK 1997 2017,Radiohead - OK Computer OKNOTOK 1997 2017.jpg,ok,#d6d4c8,#a29e97,#f8f8e8
John Coltrane,Olé Coltrane,John Coltrane - Olé Coltrane.jpg,ok,#f1bb5f,#e7783a,#f8e878
Don Cherry,Om Shanti Om,Don Cherry - Om Shanti Om.jpg,ok,#1f8c4f,#429359,#088848
Duster,On The Air,Duster - On The Air.jpg,ok,#b4c2c3,#afbabc,#b8c8c8
Miles Davis,On the Corner,Miles Davis - On the Corner.jpg,ok,#d5c412,#a18e22,#f8e808
Duster,On The Dodge,Duster - On The Dodge.jpg,ok,#d9dadb,#c3c6c7,#e8e8e8
Matthew Halsall,Oneness,Matthew Halsall - Oneness.jpg,ok,#2c3736,#626663,#081818
Otomo Yoshihide's New Jazz Orchestra,ONJO,Otomo Yoshihide's New Jazz Orchestra - ONJO.jpg,ok,#d2d2d2,#989a99,#f8f8f8
Muse,Origin Of Symmetry,Muse - Origin Of Symmetry.jpg,ok,#e2923e,#d8a15f,#e88828
Palm,Ostrich Vacation,Palm - Ostrich Vacation.jpg,ok,#202020,#454545,#080808
Beth Gibbons & Rustin Man,Out of Season,Beth Gibbons & Rustin Man - Out of Season.jpg,ok,#853648,#996460,#781838
Eric Dolphy,Out To Lunch,Eric Dolphy - Out To Lunch.jpg,ok,#313a3a,#6e8586,#080808
Slowdive,Outside Your Room,Slowdive - Outside Your Room.jpg,ok,#392e27,#826655,#080808
Paavo,Paavo,Paavo - Paavo.jpg,ok,#f0edea,#e4ddd5,#f8f8f8
Radiohead,Pablo Honey,Radiohead - Pablo Honey.jpg,ok,#e5ddc4,#c9b475,#f8f8f8
Björk,Pagan Poetry,Björk - Pagan Poetry.jpg,ok,#0f0f0f,#191919,#080808
Palm,Palm on Audiotree Live,Palm - Palm on Audiotree Live.jpg,ok,#344635,#455b49,#283828
The Beatles,Paperback Writer / Rain,The Beatles - Paperback Writer _ Rain.jpg,ok,#333a3e,#43555f,#282828
Coldplay,Parachutes,Coldplay - Parachutes.jpg,ok,#130e09,#23160a,#080808
不失者 [Fushitsusha],Pathétique,不失者 [Fushitsusha] - Pathétique.jpg,ok,#3a3839,#3c373b,#383838
Built to Spill,Perfect From Now On,Built to Spill - Perfect From Now On.jpg,ok,#708386,#7c7c6b,#688898
The Beach Boys,Pet Sounds,The Beach Boys - Pet Sounds.jpg,ok,#5a8758,#768557,#488858
julie,Pg.4 a Picture of Three Hedges / Through Your Window,julie - Pg.4 a Picture of Three Hedges _ Through Your Window.jpg,ok,#4b4c4a,#4f514e,#484848
Tangerine Dream,Phaedra,Tangerine Dream - Phaedra.jpg,ok,#c6ecf0,#aadbe5,#d8f8f8
Amon Düül II,Phallus Dei,Amon Düül II - Phallus Dei.jpg,ok,#486483,#485f7c,#486888
Pharoah Sanders,Pharoah,Pharoah Sanders - Pharoah.jpg,ok,#e4dee1,#c6b8bf,#f8f8f8
Boris,Pink,Boris - Pink.jpg,ok,#f88dba,#f894bd,#f888b8
Wire,Pink Flag,Wire - Pink Flag.jpg,ok,#bbcce8,#a8b9d0,#c8d8f8
Nick Drake,Pink Moon,Nick Drake - Pink Moon.jpg,ok,#243915,#375329,#182808
Weezer,Pinkerton,Weezer - Pinkerton.jpg,ok,#26231c,#534c39,#080808
Ground-Zero,Plays Standards,Ground-Zero - Plays Standards.jpg,ok,#483c36,#795b4b,#282828
青葉市子 [Ichiko Aoba],Pneuma,青葉市子 [Ichiko Aoba] - Pneuma.jpg,ok,#2e2e2e,#363636,#282828
Cornelius,Point,Cornelius - Point.jpg,ok,#e2e6ef,#c0cbe1,#f8f8f8
King Gizzard & The Lizard Wizard,Polygondwanaland,King Gizzard & The Lizard Wizard - Polygondwanaland.jpg,ok,#25201f,#392d29,#181818
Gas,Pop,Gas - Pop.jpg,ok,#2c2c16,#62612a,#080808
Boredoms,Pop Tatari,Boredoms - Pop Tatari.jpg,ok,#45b4c2,#58adb8,#38b8c8
Portishead,Portishead,Portishead - Portishead.jpg,ok,#393839,#525052,#282828
Bill Evans Trio,Portrait in Jazz,Bill Evans Trio - Portrait in Jazz.jpg,ok,#57391b,#553a20,#583818
Björk,Post,Björk - Post.jpg,ok,#d7c6c8,#a57c81,#f8f8f8
Preoccupations,Preoccupations,Preoccupations - Preoccupations.jpg,ok,#4e81b6,#6e8eb2,#3878b8
"Floating Points, Pharoah Sanders & The London Symphony Orchestra",Promises,"Floating Points, Pharoah Sanders & The London Symphony Orchestra - Promises.jpg",ok,#f0f0ee,#e5e5de,#f8f8f8
Animal Collective,Prospect Hummer,Animal Collective - Prospect Hummer.jpg,ok,#bfd08d,#82ab7c,#e8e898
Alice Coltrane,Ptah the El Daoud,Alice Coltrane - Ptah the El Daoud.jpg,ok,#3d2521,#8c5146,#080808
Women,Public Strain,Women - Public Strain.jpg,ok,#d9ccac,#aaa282,#f8e8c8
julie,Pushing Daisies,julie - Pushing Daisies.jpg,ok,#4c4f4e,#6a7270,#383838
Slowdive,Pygmalion,Slowdive - Pygmalion.jpg,ok,#e0dfd2,#d3d2c8,#e8e8d8
Radiohead,Pyramid Song,Radiohead - Pyramid Song.jpg,ok,#2a2a26,#5d5c54,#080808
青葉市子 [Ichiko Aoba],qp,青葉市子 [Ichiko Aoba] - qp.jpg,ok,#cbeaf8,#cfedf7,#c8e8f8
King Gizzard & The Lizard Wizard,Quarters,King Gizzard & The Lizard Wizard - Quarters.jpg,ok,#564a41,#9c7c67,#282828
Qujaku,Qujaku,Qujaku - Qujaku.jpg,ok,#22201b,#4a4338,#080808
Duster,Rarities,Duster - Rarities.jpg,ok,#aeb2ad,#9fa99c,#b8b8b8
King Crimson,Red,King Crimson - Red.jpg,ok,#0e0d0d,#161514,#080808
Stereolab,Refried Ectoplasm (Switched On Volume 2),Stereolab - Refried Ectoplasm (Switched On Volume 2).jpg,ok,#c26434,#ba7647,#c85828
Talking Heads,Remain in Light,Talking Heads - Remain in Light.jpg,ok,#ad4c2a,#855346,#c84818
This Heat,Repeat,This Heat - Repeat.jpg,ok,#571e41,#6e264f,#481838
Fugazi,Repeater,Fugazi - Repeater.jpg,ok,#d6dadd,#a3adb5,#f8f8f8
Unwound,Repetition,Unwound - Repetition.jpg,ok,#262423,#3a3633,#181818
Ground-Zero,Revolutionary Pekinese Opera Ver.1.28,Ground-Zero - Revolutionary Pekinese Opera Ver.1.28.jpg,ok,#bfbebe,#b1afaf,#c8c8c8
The Beatles,Revolver,The Beatles - Revolver.jpg,ok,#474746,#8d8d8c,#181818
Jonsi & Alex Somers,Riceboy Sleeps,Jonsi & Alex Somers - Riceboy Sleeps.jpg,ok,#606f6c,#55615b,#687878
Aphex Twin,Richard D. James Album,Aphex Twin - Richard D. James Album.jpg,ok,#b9aba3,#8a6754,#d8d8d8
Lightning Bolt,Ride the Skies,Lightning Bolt - Ride the Skies.jpg,ok,#dfd0d0,#d1dbc4,#e8c8d8
Sigur Rós,Rimur,Sigur Rós - Rimur.jpg,ok,#fafafa,#fcfcfc,#f8f8f8
Mogwai,Rock Action,Mogwai - Rock Action.jpg,ok,#3b190f,#70321a,#180808
Robert Wyatt,Rock Bottom,Robert Wyatt - Rock Bottom.jpg,ok,#d5c6b2,#d1c2a8,#d8c8b8
Palm,Rock Island,Palm - Rock Island.jpg,ok,#c7c4b4,#aea796,#d8d8c8
The Strokes,Room on Fire,The Strokes - Room on Fire.jpg,ok,#251e18,#513e2f,#080808
Portishead,Roseland NYC Live 25,Portishead - Roseland NYC Live 25.jpg,ok,#c2c1bd,#716f64,#f8f8f8
Four Tet,Rounds,Four Tet - Rounds.jpg,ok,#e5e3e2,#e0dbd9,#e8e8e8
The Beatles,Rubber Soul,The Beatles - Rubber Soul.jpg,ok,#1c2614,#3a3c26,#081808
Sigur Rós,Sæglópur,Sigur Rós - Sæglópur.jpg,ok,#31302e,#57544e,#181818
Captain Beefheart & His Magic Band,Safe as Milk,Captain Beefheart & His Magic Band - Safe as Milk.jpg,ok,#e0dcda,#bcb2ae,#f8f8f8
McCoy Tyner,Sahara,McCoy Tyner - Sahara.jpg,ok,#eeeeee,#e0e0e0,#f8f8f8
Erik Satie,"Satie: Gymnopédies, Gnossiennes, Sarabandes, etc.","Erik Satie - Satie_ Gymnopédies, Gnossiennes, Sarabandes, etc..jpg",ok,#424350,#50535c,#383848
Can,Saw Delight,Can - Saw Delight.jpg,ok,#2a2d2a,#5e655d,#080808
Ryo Fukui,Scenery,Ryo Fukui - Scenery.jpg,ok,#33191a,#5b1b1e,#181818
Masayoshi Fujita & Jan Jelinek,Schaum,Masayoshi Fujita & Jan Jelinek - Schaum.jpg,ok,#d8d8d8,#a8a8a8,#f8f8f8
black midi,Schlagenheim,black midi - Schlagenheim.jpg,ok,#c7cbca,#7e8784,#f8f8f8
Ornette Coleman,Science Fiction,Ornette Coleman - Science Fiction.jpg,ok,#372822,#7e5849,#080808
Radiohead,Scotch Mist,Radiohead - Scotch Mist.jpg,ok,#dad8d8,#c5c1c1,#e8e8e8
Boredoms,Seadrum/House of Sun,Boredoms - Seadrum_House of Sun.jpg,ok,#102d58,#1c3457,#082858
Xinlisupreme,Seaside Voice Guitar,Xinlisupreme - Seaside Voice Guitar.jpg,ok,#202020,#2b2b2b,#181818
Macha,See It Another Way,Macha - See It Another Way.jpg,ok,#6ba06f,#889561,#58a878
Huremic,Seeking Darkness,Huremic - Seeking Darkness.jpg,ok,#343436,#75757a,#080808
Aphex Twin,Selected Ambient Works 85-92,Aphex Twin - Selected Ambient Works 85-92.jpg,ok,#dddddd,#b4b4b4,#f8f8f8
Aphex Twin,Selected Ambient Works Volume II,Aphex Twin - Selected Ambient Works Volume II.jpg,ok,#c9bcb4,#82614d,#f8f8f8
Memo Boy,"Selections from the Billy Hole, Part II","Memo Boy - Selections from the Billy Hole, Part II.jpg",ok,#f6a797,#f2a695,#f8a898
Oxbow,Serenade in Red,Oxbow - Serenade in Red.jpg,ok,#534252,#635262,#483848
The Beatles,Sgt. Pepper’s Lonely Hearts Club Band,The Beatles - Sgt. Pepper’s Lonely Hearts Club Band.jpg,ok,#473733,#76655b,#281818
Palm,Shadow Expert,Palm - Shadow Expert.jpg,ok,#f4f2f3,#efe9eb,#f8f8f8
Natural Snow Buildings,Shadow Kingdom,Natural Snow Buildings - Shadow Kingdom.jpg,ok,#a18f79,#968163,#a89888
Grizzly Bear,Shields,Grizzly Bear - Shields.jpg,ok,#646254,#8d8a7f,#484838
The Smashing Pumpkins,Siamese Dream,The Smashing Pumpkins - Siamese Dream.jpg,ok,#e6d7cc,#caa58a,#f8f8f8
Autechre,SIGN,Autechre - SIGN.jpg,ok,#504a48,#5b4e48,#484848
Silver Apples,Silver Apples,Silver Apples - Silver Apples.jpg,ok,#a7a7a9,#a6a5aa,#a8a8a8
White Suns,Sinews,White Suns - Sinews.jpg,ok,#a89290,#8f706b,#b8a8a8
Sonic Youth,Sister,Sonic Youth - Sister.jpg,ok,#433d34,#83745d,#181818
King Gizzard & The Lizard Wizard,Sketches Of Brunswick East,King Gizzard & The Lizard Wizard - Sketches Of Brunswick East.jpg,ok,#8f8471,#817e66,#988878
Pavement,Slanted and Enchanted,Pavement - Slanted and Enchanted.jpg,ok,#8e3e33,#96605b,#882818
Slowdive,Sleep,Slowdive - Sleep.jpg,ok,#464848,#5c6061,#383838
Sun Ra and His Arkestra,Sleeping Beauty,Sun Ra and His Arkestra - Sleeping Beauty.jpg,ok,#2e2e2f,#4e4e52,#181818
Slint,Slint,Slint - Slint.jpg,ok,#1c1c1c,#3b3b3b,#080808
Godspeed You! Black Emperor,Slow Riot for New Zero Kanada,Godspeed You! Black Emperor - Slow Riot for New Zero Kanada.jpg,ok,#0b0809,#0f070b,#080808
Slowdive,Slowdive,Slowdive - Slowdive.jpg,ok,#392e27,#826655,#080808
Faust,So Far,Faust - So Far.jpg,ok,#060706,#030504,#080808
Julia Holter,Something in the Room She Moves,Julia Holter - Something in the Room She Moves.jpg,ok,#322823,#584034,#181818
Yasuhiro Kohno Trio + One,Song Of Island,Yasuhiro Kohno Trio + One - Song Of Island.jpg,ok,#e00e1c,#d31821,#e80818
Adrianne Lenker,songs,Adrianne Lenker - songs.jpg,ok,#902e1c,#83683b,#980808
Queens of the Stone Age,Songs for the Deaf,Queens of the Stone Age - Songs for the Deaf.jpg,ok,#c00537,#b40136,#c80838
toe,"songs, ideas we forgot","toe - songs, ideas we forgot.jpg",ok,#f3f2f1,#ebe9e6,#f8f8f8
Can,Soon Over Babaluma,Can - Soon Over Babaluma.jpg,ok,#263871,#244f7f,#282868
Boredoms,Soul Discharge '99,Boredoms - Soul Discharge '99.jpg,ok,#db6f3a,#c87a56,#e86828
Laika,Sounds of the Satellites,Laika - Sounds of the Satellites.jpg,ok,#3b3e37,#70767e,#181808
吉村弘 [Hiroshi Yoshimura],Soundscape 1: Surround,吉村弘 [Hiroshi Yoshimura] - Soundscape 1_ Surround.jpg,ok,#4e8db7,#5894b5,#4888b8
Can,Soundtracks,Can - Soundtracks.jpg,ok,#513884,#5e507d,#482888
Swans,Soundtracks for the Blind,Swans - Soundtracks for the Blind.jpg,ok,#c4a881,#a79176,#d8b888
Slowdive,Souvlaki,Slowdive - Souvlaki.jpg,ok,#3a3633,#6c625b,#181818
Talking Heads,Speaking In Tongues,Talking Heads - Speaking In Tongues.jpg,ok,#686f85,#977a68,#486898
Talking Heads,Speaking in Tongues,Talking Heads - Speaking in Tongues.jpg,ok,#686f85,#977a68,#486898
Radiohead,Spectre,Radiohead - Spectre.jpg,ok,#3b3a3d,#57565c,#282828
Slint,Spiderland,Slint - Spiderland.jpg,ok,#343432,#767572,#080808
Talk Talk,Spirit of Eden,Talk Talk - Spirit of Eden.jpg,ok,#dddfe7,#b5b9ce,#f8f8f8
Animal Collective,"Spirit They're Gone, Spirit They've Vanished","Animal Collective - Spirit They're Gone, Spirit They've Vanished.jpg",ok,#0e1112,#161e20,#080808
julie,Starjump / Kit,julie - Starjump _ Kit.jpg,ok,#1a1b1c,#36383b,#080808
Tim Buckley,Starsailor,Tim Buckley - Starsailor.jpg,ok,#a87b78,#8f6861,#b88888
John Coltrane,Stellar Regions,John Coltrane - Stellar Regions.jpg,ok,#1b2828,#1f2728,#182828
Still House Plants,Still House Plants,Still House Plants - Still House Plants.jpg,ok,#e8e8e8,#cfcfcf,#f8f8f8
Storm and Stress,Storm & Stress,Storm and Stress - Storm & Stress.jpg,ok,#1c2626,#3b3b3c,#081818
Duster,Stratosphere,Duster - Stratosphere.jpg,ok,#8a9692,#8c948a,#889898
Animal Collective,Strawberry Jam,Animal Collective - Strawberry Jam.jpg,ok,#ccc0bd,#8a6d65,#f8f8f8
Kepler Quartet,"String Quartets nos. 6, 7, & 8","Kepler Quartet - String Quartets nos. 6, 7, & 8.jpg",ok,#c6b498,#aa9681,#d8c8a8
Steve Roach,Structures from Silence,Steve Roach - Structures from Silence.jpg,ok,#526d89,#485c73,#587898
Biosphere,Substrata,Biosphere - Substrata.jpg,ok,#545f63,#7d828b,#384848
Suicide,Suicide,Suicide - Suicide.jpg,ok,#e9e1e0,#d3bebd,#f8f8f8
Bill Evans Trio,Sunday at the Village Vanguard,Bill Evans Trio - Sunday at the Village Vanguard.jpg,ok,#423e3e,#807778,#181818
Animal Collective,Sung Tongs,Animal Collective - Sung Tongs.jpg,ok,#b21f2d,#a94234,#b80828
"Black Country, New Road",Sunglasses,"Black Country, New Road - Sunglasses.jpg",ok,#2f2424,#3a3737,#281818
Boredoms,Super 77 / Super Sky,Boredoms - Super 77 _ Super Sky.jpg,ok,#f8f0d0,#f8e3c4,#f8f8d8
Boredoms,Super æ,Boredoms - Super æ.jpg,ok,#f9f8f8,#faf9f7,#f8f8f8
Boredoms,Super Go !!!,Boredoms - Super Go !!!.jpg,ok,#e0cfc6,#bb917c,#f8f8f8
Boredoms,Super Roots 10,Boredoms - Super Roots 10.jpg,ok,#503b3a,#a56f6e,#181818
Boredoms,Super Roots 5,Boredoms - Super Roots 5.jpg,ok,#e8efec,#d1e2d9,#f8f8f8
Boredoms,Super Roots 7,Boredoms - Super Roots 7.jpg,ok,#f1ece9,#e7dbd3,#f8f8f8
Boredoms,Super Roots 9,Boredoms - Super Roots 9.jpg,ok,#e0e0dc,#bdbdb1,#f8f8f8
Radiohead,Supercollider / The Butcher,Radiohead - Supercollider _ The Butcher.jpg,ok,#21170e,#462e16,#080808
Pixies,Surfer Rosa,Pixies - Surfer Rosa.jpg,ok,#d8d4d1,#a89e96,#f8f8f8
Suuk,Suuk 1976,Suuk - Suuk 1976.jpg,ok,#533c2f,#7b5b51,#382818
Aphex Twin,Syro,Aphex Twin - Syro.jpg,ok,#c1da50,#cfde73,#b8d838
tricot,T H E,tricot - T H E.jpg,ok,#e7e5e6,#cdc9cb,#f8f8f8
Arvo Pärt,Tabula Rasa,Arvo Pärt - Tabula Rasa.jpg,ok,#f6f3f0,#f2ebe5,#f8f8f8
Arvo Pärt,"Tabula Rasa, Fratres, etc.","Arvo Pärt - Tabula Rasa, Fratres, etc..jpg",ok,#515256,#8e919b,#282828
Can,Tago Mago,Can - Tago Mago.jpg,ok,#ecdace,#dbac8f,#f8f8f8
Sigur Rós,Takk...,Sigur Rós - Takk....jpg,ok,#cabb9c,#b5a789,#d8c8a8
Disco Inferno,Technicolour,Disco Inferno - Technicolour.jpg,ok,#d1cecb,#c6bfb8,#d8d8d8
Mogwai,Ten Rapid,Mogwai - Ten Rapid.jpg,ok,#ebeaeb,#d7d5d7,#f8f8f8
Broadcast,Tender Buttons,Broadcast - Tender Buttons.jpg,ok,#d0d0d0,#959595,#f8f8f8
Ali Akbar Khan,The 80 Minute Râga,Ali Akbar Khan - The 80 Minute Râga.jpg,ok,#f4f1e2,#eee7da,#f8f8e8
Sufjan Stevens,The Age of Adz,Sufjan Stevens - The Age of Adz.jpg,ok,#c5977d,#a87d6d,#d8a888
Coil,The Ape Of Naples,Coil - The Ape Of Naples.jpg,ok,#f4eae8,#efd6d1,#f8f8f8
Glenn Branca,The Ascension,Glenn Branca - The Ascension.jpg,ok,#e1e2e1,#bec1bf,#f8f8f8
Sufjan Stevens,The Avalanche,Sufjan Stevens - The Avalanche.jpg,ok,#d8dad2,#a8ae9a,#f8f8f8
Björk,The B Sides,Björk - The B Sides.jpg,ok,#181818,#313131,#080808
The Beatles,The Beatles,The Beatles - The Beatles.jpg,ok,#fafaf9,#fcfcfb,#f8f8f8
Swans,The Beggar,Swans - The Beggar.jpg,ok,#f8f8f8,#f9f9f9,#f8f8f8
Radiohead,The Bends,Radiohead - The Bends.jpg,ok,#45352c,#a07863,#080808
Interpol,The Black EP,Interpol - The Black EP.jpg,ok,#160808,#2a0707,#080808
Charles Mingus,The Black Saint And The Sinner Lady,Charles Mingus - The Black Saint And The Sinner Lady.jpg,ok,#dacab9,#c4b6a3,#e8d8c8
Coldplay,The Blue Room EP,Coldplay - The Blue Room EP.jpg,ok,#14232e,#274c67,#080808
toe,the book about my idle plot on a vague anxiety,toe - the book about my idle plot on a vague anxiety.jpg,ok,#252b30,#384753,#181818
Alice Coltrane,The Carnegie Hall Concert (Live),Alice Coltrane - The Carnegie Hall Concert (Live).jpg,ok,#37261a,#7d5436,#080808
Talk Talk,The Colour of Spring,Talk Talk - The Colour of Spring.jpg,ok,#e9d0a8,#d3ab8f,#f8e8b8
Horse Lords,The Common Task,Horse Lords - The Common Task.jpg,ok,#dbdbdb,#c7c7c7,#e8e8e8
Miles Davis,The Complete Bitches Brew Sessions,,missing_image,,,
Miles Davis,The Complete in a Silent Way Sessions,Miles Davis - The Complete in a Silent Way Sessions.jpg,ok,#2f3d3c,#394543,#283838
Natural Snow Buildings,The Dance of the Moon and the Sun,Natural Snow Buildings - The Dance of the Moon and the Sun.jpg,ok,#d9cacc,#aa868a,#f8f8f8
William Basinski,The Disintegration Loops,William Basinski - The Disintegration Loops.jpg,ok,#504f51,#8d8a8e,#282828
The Doors,The Doors,The Doors - The Doors.jpg,ok,#1b1713,#372e23,#080808
Explosions in the Sky,The Earth Is Not a Cold Dead Place,Explosions in the Sky - The Earth Is Not a Cold Dead Place.jpg,ok,#f0efef,#e3e2e1,#f8f8f8
Steve Reich,The ECM Recordings,Steve Reich - The ECM Recordings.jpg,ok,#f2f2f2,#e8e8e8,#f8f8f8
Joe Henderson featuring Alice Coltrane,The Elements,Joe Henderson featuring Alice Coltrane - The Elements.jpg,ok,#bb956c,#8f785a,#d8a878
Thom Yorke,The Eraser,Thom Yorke - The Eraser.jpg,ok,#7e7d7d,#888484,#787878
Faust,The Faust Tapes,Faust - The Faust Tapes.jpg,ok,#cacaca,#cecdcd,#c8c8c8
Fjarri,The Fjarri Collection,Fjarri - The Fjarri Collection.jpg,ok,#b6b7b4,#9b9d95,#c8c8c8
Bob Dylan,The Freewheelin’ Bob Dylan,Bob Dylan - The Freewheelin’ Bob Dylan.jpg,ok,#94856a,#756955,#a89878
Unwound,The Future of What,Unwound - The Future of What.jpg,ok,#bebebe,#807e7f,#e8e8e8
Camberwell Now,The Ghost Trade,Camberwell Now - The Ghost Trade.jpg,ok,#393627,#524c3d,#282818
The Microphones,The Glow Pt. 2,The Microphones - The Glow Pt. 2.jpg,ok,#33494d,#737a6d,#082838
Swans,The Glowing Man,Swans - The Glowing Man.jpg,ok,#b99666,#ba9464,#b89868
Swans,The Great Annihilator,Swans - The Great Annihilator.jpg,ok,#701a18,#631d17,#781818
Mogwai,The Hawk Is Howling,Mogwai - The Hawk Is Howling.jpg,ok,#2d302e,#4c544f,#181818
Triosk,The Headlight Serenade,Triosk - The Headlight Serenade.jpg,ok,#1b1e1c,#373f39,#080808
Henry Cow,The Henry Cow Legend,Henry Cow - The Henry Cow Legend.jpg,ok,#b9b6b8,#a39aa0,#c8c8c8
Howlin' Wolf,The Howlin' Wolf Album,Howlin' Wolf - The Howlin' Wolf Album.jpg,ok,#ebeadc,#d8d5cb,#f8f8e8
Wes Montgomery,The Incredible Jazz Guitar of Wes Montgomery,Wes Montgomery - The Incredible Jazz Guitar of Wes Montgomery.jpg,ok,#20201e,#43453e,#080808
Mahavishnu Orchestra,The Inner Mounting Flame,Mahavishnu Orchestra - The Inner Mounting Flame.jpg,ok,#100e0d,#1c1814,#080808
Radiohead,The Kid A Theory,Radiohead - The Kid A Theory.jpg,ok,#a09787,#957e6e,#a8a898
Radiohead,The King of Limbs,Radiohead - The King of Limbs.jpg,ok,#2c241c,#634e3b,#080808
Radiohead,The King of Limbs: Live from the Basement,Radiohead - The King of Limbs_ Live from the Basement.jpg,ok,#242424,#4f4f4f,#080808
Sprain,The Lamb As Effigy,Sprain - The Lamb As Effigy.jpg,ok,#969696,#939393,#989898
The Books,The Lemon of Pink,The Books - The Lemon of Pink.jpg,ok,#686868,#989798,#484848
Modest Mouse,The Lonesome Crowded West,Modest Mouse - The Lonesome Crowded West.jpg,ok,#d7d6da,#a5a3ac,#f8f8f8
Can,The Lost Tapes,Can - The Lost Tapes.jpg,ok,#463239,#5c423b,#382838
Modest Mouse,The Moon & Antarctica,Modest Mouse - The Moon & Antarctica.jpg,ok,#b4d4e5,#afcfe1,#b8d8e8
Talking Heads,The Name of This Band Is Talking Heads,Talking Heads - The Name of This Band Is Talking Heads.jpg,ok,#2d2524,#64514f,#080808
Oxbow,The Narcotic Story,Oxbow - The Narcotic Story.jpg,ok,#090806,#0b0904,#080808
The Strokes,The New Abnormal,The Strokes - The New Abnormal.jpg,ok,#a5ae8a,#708675,#c8c898
Geordie Greep,The New Sound,Geordie Greep - The New Sound.jpg,ok,#cea817,#8f772e,#f8c808
John Coltrane,The Olatunji Concert: The Last Live Recording,John Coltrane - The Olatunji Concert_ The Last Live Recording.jpg,ok,#d9d4c0,#ab9e85,#f8f8e8
Sigur Rós,The Peel Sessions (26-09-2000),Sigur Rós - The Peel Sessions (26-09-2000).jpg,ok,#2d2d2d,#353535,#282828
Pink Floyd,The Piper At The Gates Of Dawn,Pink Floyd - The Piper At The Gates Of Dawn.jpg,ok,#412b26,#67473c,#281818
Death Grips,The Powers That B,Death Grips - The Powers That B.jpg,ok,#e6e6e6,#cccccc,#f8f8f8
The Smiths,The Queen Is Dead,The Smiths - The Queen Is Dead.jpg,ok,#3d4d3e,#455448,#384838
The Raincoats,The Raincoats,The Raincoats - The Raincoats.jpg,ok,#dfd1c6,#ba967a,#f8f8f8
Igor Stravinsky,The Rite Of Spring,Igor Stravinsky - The Rite Of Spring.jpg,ok,#1e1e1c,#282821,#181818
The Rolling Stones,The Rolling Stones Rock and Roll Circus,The Rolling Stones - The Rolling Stones Rock and Roll Circus.jpg,ok,#49342b,#925f48,#181818
Swans,The Seer,Swans - The Seer.jpg,ok,#110e0d,#1f1715,#080808
Ornette Coleman,The Shape Of Jazz To Come,Ornette Coleman - The Shape Of Jazz To Come.jpg,ok,#e2d5d4,#c0a09f,#f8f8f8
The Beach Boys,The SMiLE Sessions,The Beach Boys - The SMiLE Sessions.jpg,ok,#e2ddd2,#c0b49a,#f8f8f8
Current 93,The Starres Are Marching Sadly Home (Theinmostlightthirdandfinal),Current 93 - The Starres Are Marching Sadly Home (Theinmostlightthirdandfinal).jpg,ok,#1e181c,#261921,#181818
Pram,"The Stars Are So Big, the Earth Is So Small...Stay as You Are","Pram - The Stars Are So Big, the Earth Is So Small...Stay as You Are.jpg",ok,#50492c,#756331,#383828
Arcade Fire,The Suburbs,Arcade Fire - The Suburbs.jpg,ok,#575664,#6e6b76,#484858
Stars Of The Lid,The Tired Sounds of Stars of the Lid,Stars Of The Lid - The Tired Sounds of Stars of the Lid.jpg,ok,#e7c637,#e6c235,#e8c838
The United States of America,The United States of America,The United States of America - The United States of America.jpg,ok,#382c28,#674941,#181818
The Velvet Underground,The Velvet Underground,The Velvet Underground - The Velvet Underground.jpg,ok,#192627,#333b3d,#081818
The Velvet Underground,The Velvet Underground & Nico,The Velvet Underground - The Velvet Underground & Nico.jpg,ok,#f2f1e6,#e9e6cc,#f8f8f8
Pink Floyd,The Wall,Pink Floyd - The Wall.jpg,ok,#f8f6f7,#f7f4f5,#f8f8f8
Pharoah Sanders,Thembi,Pharoah Sanders - Thembi.jpg,ok,#deddce,#b7b4a6,#f8f8e8
Radiohead,These Are My Twisted Words,Radiohead - These Are My Twisted Words.jpg,ok,#d2d2d2,#b2b2b2,#e8e8e8
Lync,These Are Not Fall Colors,Lync - These Are Not Fall Colors.jpg,ok,#281816,#271713,#281818
Swirlies,They Spent Their Wild Youthful Days in the Glittering World of the Salons,Swirlies - They Spent Their Wild Youthful Days in the Glittering World of the Salons.jpg,ok,#21226a,#2f326c,#181868
Oxbow,Thin Black Duke,Oxbow - Thin Black Duke.jpg,ok,#780608,#780409,#780808
Portishead,Third,Portishead - Third.jpg,ok,#3f7892,#6190a0,#286888
Soft Machine,Third,Soft Machine - Third.jpg,ok,#e18951,#bf7346,#f89858
This Heat,This Heat,This Heat - This Heat.jpg,ok,#26469a,#22449d,#284898
Alt-J,This Is All Yours,Alt-J - This Is All Yours.jpg,ok,#387cb0,#809ba3,#0868b8
The Fall,This Nation’s Saving Grace,The Fall - This Nation’s Saving Grace.jpg,ok,#4c4e4d,#818685,#282828
The Books,Thought for Food,The Books - Thought for Food.jpg,ok,#f2f2f2,#e9e8ea,#f8f8f8
Little Women,Throat,Little Women - Throat.jpg,ok,#efeeec,#e1dedb,#f8f8f8
Midori Takada,Through The Looking Glass,Midori Takada - Through The Looking Glass.jpg,ok,#d4cbc2,#9f8871,#f8f8f8
Current 93,Thunder Perfect Mind,Current 93 - Thunder Perfect Mind.jpg,ok,#f4f0ec,#eee3db,#f8f8f8
Brian Eno,Thursday Afternoon,Brian Eno - Thursday Afternoon.jpg,ok,#cfccd4,#aaa2b7,#e8e8e8
Tortoise,TNT,Tortoise - TNT.jpg,ok,#e8e7e6,#e8e5e2,#e8e8e8
Swans,To Be Kind,Swans - To Be Kind.jpg,ok,#baa768,#bea567,#b8a868
Polvo,Today's Active Lifestyles,Polvo - Today's Active Lifestyles.jpg,ok,#dbc02f,#c8b439,#e8c828
Duster,Together,Duster - Together.jpg,ok,#d5e1e2,#d0d7d8,#d8e8e8
Thom Yorke,Tomorrow's Modern Boxes,Thom Yorke - Tomorrow's Modern Boxes.jpg,ok,#565653,#6c6c64,#484848
Tortoise,Tortoise,Tortoise - Tortoise.jpg,ok,#a27f52,#9a7149,#a88858
White Suns,Totem,White Suns - Totem.jpg,ok,#1b1c1c,#202321,#181818
Palm,Trading Basics,Palm - Trading Basics.jpg,ok,#5a5a57,#8d8c86,#383838
Arctic Monkeys,Tranquility Base Hotel & Casino,Arctic Monkeys - Tranquility Base Hotel & Casino.jpg,ok,#272415,#3d3529,#181808
Duster,"Transmission, Flux","Duster - Transmission, Flux.jpg",ok,#431f20,#6b2a2c,#281818
Maps & Atlases,"Tree, Swallows, Houses","Maps & Atlases - Tree, Swallows, Houses.jpg",ok,#e9e7e6,#ebe6e4,#e8e8e8
Autechre,Tri Repetae,Autechre - Tri Repetae.jpg,ok,#a59a85,#a19c80,#a89888
Captain Beefheart & His Magic Band,Trout Mask Replica,Captain Beefheart & His Magic Band - Trout Mask Replica.jpg,ok,#d22e5f,#b03739,#e82878
Interpol,Turn On The Bright Lights,Interpol - Turn On The Bright Lights.jpg,ok,#180809,#2f080a,#080808
Interpol,Turn On The Bright Lights: The Tenth Anniversary Edition Bonus Disc,Interpol - Turn On The Bright Lights_ The Tenth Anniversary Edition Bonus Disc.jpg,ok,#15080a,#28090c,#080808
Slint,Tweez,Slint - Tweez.jpg,ok,#333333,#747474,#080808
bôa,Twilight,bôa - Twilight.jpg,ok,#2f2a36,#514663,#181818
Candy Claws,Two Airships / Exploder Falls,Candy Claws - Two Airships _ Exploder Falls.jpg,ok,#dfdfdf,#bababa,#f8f8f8
Big Thief,Two Hands,Big Thief - Two Hands.jpg,ok,#423e2e,#6a5f4f,#282818
Big Thief,U.F.O.F.,Big Thief - U.F.O.F..jpg,ok,#444848,#6d7879,#282828
Fishmans,Uchū Nippon Setagaya,Fishmans - Uchū Nippon Setagaya.jpg,ok,#234c75,#345371,#184878
Kaironꓼ IRSE!,Ujubasajuba,Kaironꓼ IRSE! - Ujubasajuba.jpg,ok,#565d7e,#847d87,#384878
Pink Floyd,Ummagumma,Pink Floyd - Ummagumma.jpg,ok,#8f7657,#817256,#987858
Aksak Maboul,Un Peu De L'ame Des Bandits,Aksak Maboul - Un Peu De L'ame Des Bandits.jpg,ok,#9c8f80,#8a8275,#a89888
The Mothers of Invention,Uncle Meat,The Mothers of Invention - Uncle Meat.jpg,ok,#b0935d,#a38c65,#b89858
Earwig,Under My Skin I Am Laughing,Earwig - Under My Skin I Am Laughing.jpg,ok,#ded6d3,#b8a39b,#f8f8f8
Storm and Stress,Under Thunder and Fluorescent Light,Storm and Stress - Under Thunder and Fluorescent Light.jpg,ok,#aba092,#97938a,#b8a898
The Necks,Unfold,The Necks - Unfold.jpg,ok,#39606c,#6b9da3,#183848
Cecil Taylor,Unit Structures,Cecil Taylor - Unit Structures.jpg,ok,#d2c9c7,#98837d,#f8f8f8
Joy Division,Unknown Pleasures,Joy Division - Unknown Pleasures.jpg,ok,#0b0b0b,#101010,#080808
Autechre,Untilted,Autechre - Untilted.jpg,ok,#9c9da1,#898d97,#a8a8a8
Burial,Untrue,Burial - Untrue.jpg,ok,#887a7a,#716566,#988888
Unwound,Unwound,Unwound - Unwound.jpg,ok,#0e0b0b,#160f0f,#080808
Björk,Utopia,Björk - Utopia.jpg,ok,#2f2f3d,#52515c,#181828
Faust,V,Faust - V.jpg,ok,#e9e9e9,#d2d2d2,#f8f8f8
Long Fin Killie,Valentino,Long Fin Killie - Valentino.jpg,ok,#e9d622,#d3ba32,#f8e818
Sigur Rós,Valtari,Sigur Rós - Valtari.jpg,ok,#8ea95e,#7e924f,#98b868
Yosi Horikawa,Vapor,Yosi Horikawa - Vapor.jpg,ok,#8b7135,#5f4f30,#a88838
Grizzly Bear,Veckatimest,Grizzly Bear - Veckatimest.jpg,ok,#5c443e,#916d5e,#382828
Sweet Trip,Velocity : Design : Comfort,Sweet Trip - Velocity _ Design _ Comfort.jpg,ok,#cbcbd0,#888795,#f8f8f8
Björk,Vespertine,Björk - Vespertine.jpg,ok,#aeafaf,#9fa1a2,#b8b8b8
Björk,Vespertine Live,Björk - Vespertine Live.jpg,ok,#282624,#58544e,#080808
Björk,Vespertine: Live At The Royal Opera House,Björk - Vespertine_ Live At The Royal Opera House.jpg,ok,#e6e2e3,#cbc2c3,#f8f8f8
Viet Cong,Viet Cong,Viet Cong - Viet Cong.jpg,ok,#6f6f6f,#919191,#585858
The Voidz,Virtue,The Voidz - Virtue.jpg,ok,#1e1d18,#3f3c30,#080808
Boredoms,Vision Creation Newsun,Boredoms - Vision Creation Newsun.jpg,ok,#d6d8e3,#a3a9c3,#f8f8f8
Boredoms,Vision Creation Newsun Boxset,Boredoms - Vision Creation Newsun Boxset.jpg,ok,#bea2b1,#c681a6,#b8b8b8
Boredoms,Vision△Creation△Newsun△,Boredoms - Vision△Creation△Newsun△.jpg,ok,#1094a0,#1d7693,#08a8a8
Björk,Volta,Björk - Volta.jpg,ok,#eb2210,#d8311c,#f81808
C418,Volume Alpha,C418 - Volume Alpha.jpg,ok,#334b1d,#445025,#284818
C418,Volume Beta,C418 - Volume Beta.jpg,ok,#090606,#0b0402,#080808
Sigur Rós,Von,Sigur Rós - Von.jpg,ok,#28211c,#58473b,#080808
Alva Noto + Ryuichi Sakamoto,Vrioon,Alva Noto + Ryuichi Sakamoto - Vrioon.jpg,ok,#f1ded4,#e6b89e,#f8f8f8
Björk,Vulnicura,Björk - Vulnicura.jpg,ok,#e4e3dc,#c5c4b2,#f8f8f8
Björk,Vulnicura Live,Björk - Vulnicura Live.jpg,ok,#181617,#2f2b2d,#080808
Björk,Vulnicura Strings,Björk - Vulnicura Strings.jpg,ok,#292726,#5a5553,#080808
The Smile,Wall of Eyes,The Smile - Wall of Eyes.jpg,ok,#b86b2e,#a0704f,#c86818
Sonic Youth,Washing Machine,Sonic Youth - Washing Machine.jpg,ok,#2072b5,#4581b1,#0868b8
Haruomi Hosono,Watering a Flower,Haruomi Hosono - Watering a Flower.jpg,ok,#1c1a16,#3a352b,#080808
William Basinski,Watermusic II,William Basinski - Watermusic II.jpg,ok,#ced0d2,#bec3c9,#d8d8d8
Weezer,Weezer [The Blue Album],Weezer - Weezer [The Blue Album].jpg,ok,#148fba,#2782a4,#0898c8
吉村弘 [Hiroshi Yoshimura],Wet Land,吉村弘 [Hiroshi Yoshimura] - Wet Land.jpg,ok,#e5e5e8,#c9c9d0,#f8f8f8
Don Caballero,What Burns Never Returns,Don Caballero - What Burns Never Returns.jpg,ok,#79984e,#7a9958,#789848
Arctic Monkeys,"Whatever People Say I Am, That's What I'm Not","Arctic Monkeys - Whatever People Say I Am, That's What I'm Not.jpg",ok,#5e6a6b,#808487,#485858
Dirty Three,"Whatever You Love, You Are","Dirty Three - Whatever You Love, You Are.jpg",ok,#bcb7ba,#7b868d,#e8d8d8
Matthew Halsall & The Gondwana Orchestra,When the World Was One,Matthew Halsall & The Gondwana Orchestra - When the World Was One.jpg,ok,#c85636,#c95332,#c85838
Colin Stetson,When we were that what wept for the sea,Colin Stetson - When we were that what wept for the sea.jpg,ok,#38443e,#4f6e60,#282828
Current 93,Where The Long Shadows Fall (BeforeTheInmostLight),Current 93 - Where The Long Shadows Fall (BeforeTheInmostLight).jpg,ok,#816f77,#8e7976,#786878
Whirr & Nothing,Whirr / Nothing,Whirr & Nothing - Whirr _ Nothing.jpg,ok,#dededf,#d0d0b9,#e8e8f8
The Velvet Underground,White Light / White Heat,The Velvet Underground - White Light _ White Heat.jpg,ok,#1b1c1a,#20231e,#181818
Swans,White Light From the Mouth of Infinity,Swans - White Light From the Mouth of Infinity.jpg,ok,#5084a2,#747d80,#3888b8
Punch Brothers,Who's Feeling Young Now,Punch Brothers - Who's Feeling Young Now.jpg,ok,#292928,#5b5b59,#080808
Pink Floyd,Wish You Were Here,Pink Floyd - Wish You Were Here.jpg,ok,#ebeced,#d8dadc,#f8f8f8
Women,Women,Women - Women.jpg,ok,#605f6a,#6b696e,#585868
Lightning Bolt,Wonderful Rainbow,Lightning Bolt - Wonderful Rainbow.jpg,ok,#696664,#6b625e,#686868
Broadcast,Work and Non Work,Broadcast - Work and Non Work.jpg,ok,#e96a13,#d36c24,#f86808
Steve Reich,Works: 1965-1995,Steve Reich - Works_ 1965-1995.jpg,ok,#403f3f,#4d4a49,#383838
Arthur Russell,World of Echo,Arthur Russell - World of Echo.jpg,ok,#194632,#1b4442,#184828
Boredoms,Wow 2,Boredoms - Wow 2.jpg,ok,#4f443d,#896f5d,#282828
Elliott Smith,XO,Elliott Smith - XO.jpg,ok,#222026,#484352,#080808
Nobuko Hori,xtoyourmilkyhair,Nobuko Hori - xtoyourmilkyhair.jpg,ok,#e8e2e2,#cfc2c1,#f8f8f8
lovesliescrushing,Xuvetyn,lovesliescrushing - Xuvetyn.jpg,ok,#5d94a9,#648eaa,#5898a8
Shiva Affect,Yahweh,Shiva Affect - Yahweh.jpg,ok,#503e3b,#8c7770,#281818
Drive Like Jehu,Yank Crime,Drive Like Jehu - Yank Crime.jpg,ok,#e9e9ea,#d2d2d5,#f8f8f8
Wilco,Yankee Hotel Foxtrot,Wilco - Yankee Hotel Foxtrot.jpg,ok,#bbaa8d,#a7967c,#c8b898
Godspeed You! Black Emperor,Yanqui U.X.O.,Godspeed You! Black Emperor - Yanqui U.X.O..jpg,ok,#cbccd2,#888b9a,#f8f8f8
Grizzly Bear,Yellow House,Grizzly Bear - Yellow House.jpg,ok,#312416,#3f352a,#281808
Daniel Rossen,You Belong There,Daniel Rossen - You Belong There.jpg,ok,#1e1e1e,#262626,#181818
My Bloody Valentine,You Made Me Realise,My Bloody Valentine - You Made Me Realise.jpg,ok,#9a9899,#858082,#a8a8a8
Sweet Trip,You Will Never Know Why,Sweet Trip - You Will Never Know Why.jpg,ok,#f7f7f6,#f6f6f4,#f8f8f8
Daughters,You Won't Get What You Want,Daughters - You Won't Get What You Want.jpg,ok,#232424,#4b4e4f,#080808
Hum,You’d Prefer an Astronaut,Hum - You’d Prefer an Astronaut.jpg,ok,#66b389,#63ab8a,#68b888
Dinosaur Jr.,You’re Living All Over Me,Dinosaur Jr. - You’re Living All Over Me.jpg,ok,#d6d3c8,#bbb398,#e8e8e8
Z-Rock Hawaii,Z-Rock Hawaii,Z-Rock Hawaii - Z-Rock Hawaii.jpg,ok,#405446,#4c4d43,#385848
Tangerine Dream,Zeit,Tangerine Dream - Zeit.jpg,ok,#1b1a1a,#201d1d,#181818
Fela Kuti,Zombie,Fela Kuti - Zombie.jpg,ok,#2c2c2b,#62635f,#080808
คณะ รุ่งทวี,แห่สดดนตรีพื้นบ้านหนองโก ชุดที่ 8 + 9,คณะ รุ่งทวี - แห่สดดนตรีพื้นบ้านหนองโก ชุดที่ 8 + 9.jpg,ok,#d2be22,#b09649,#e8d808
ၼၢင်းၼၢင်း [Nang Nang],လက်ရွေးစဉ် တေးများ (Le' ywei sin tei mya),ၼၢင်းၼၢင်း [Nang Nang] - လက်ရွေးစဉ် တေးများ (Le' ywei sin tei mya).jpg,ok,#d45235,#b57a60,#e83818
그림자 공동체 [Shadow Community],거울의 숲,그림자 공동체 [Shadow Community] - 거울의 숲.jpg,ok,#d9d9d6,#dbdad3,#d8d8d8
공중도덕 [Mid-Air Thief],공중도둑 (Public Morality),공중도덕 [Mid-Air Thief] - 공중도둑 (Public Morality).jpg,ok,#5b5a59,#5f5e5b,#585858
그림자 공동체 [Shadow Community],동요 / 할시온의 관,그림자 공동체 [Shadow Community] - 동요 _ 할시온의 관.jpg,ok,#f6f7f6,#f4f6f3,#f8f8f8
Della Zyr,모호함 속의 너 Nebulous You,Della Zyr - 모호함 속의 너 Nebulous You.jpg,ok,#b3b9ae,#94a288,#c8c8c8
공중도덕 [Mid-Air Thief],무너지기 (Crumbling),공중도덕 [Mid-Air Thief] - 무너지기 (Crumbling).jpg,ok,#7997a3,#7a959c,#7898a8
새눈바탕 [Bird’s Eye Batang)],손을 모아 (Flood Format),새눈바탕 [Bird’s Eye Batang)] - 손을 모아 (Flood Format).jpg,ok,#223451,#31465f,#182848
Boris,あくまのうた (Akuma no uta),Boris - あくまのうた (Akuma no uta).jpg,ok,#dbd8cc,#dfd9d1,#d8d8c8
青葉市子 [Ichiko Aoba],アダンの風 (Windswept Adan),青葉市子 [Ichiko Aoba] - アダンの風 (Windswept Adan).jpg,ok,#93a3a2,#8c9b99,#98a8a8
Gezan with Million Wish Collective,あのち (Anochi),Gezan with Million Wish Collective - あのち (Anochi).jpg,ok,#dbd1ce,#af978e,#f8f8f8
青葉市子 [Ichiko Aoba],うたびこ (Utabiko),青葉市子 [Ichiko Aoba] - うたびこ (Utabiko).jpg,ok,#e7f5c8,#e6f1c9,#e8f8c8
百景 [Hyakkei],おくりもの (Okurimono),百景 [Hyakkei] - おくりもの (Okurimono).jpg,ok,#eccc0e,#dab916,#f8d808
高木正勝 [Masakatsu Takagi],かがやき (Kagayaki),高木正勝 [Masakatsu Takagi] - かがやき (Kagayaki).jpg,ok,#dcccbe,#b2a297,#f8e8d8
めめ [Meme],ちとてとち (Chitotetochi),めめ [Meme] - ちとてとち (Chitotetochi).jpg,ok,#79205b,#7b2d60,#781858
青葉市子 [Ichiko Aoba],マホロボシヤ (Mahoroboshiya),青葉市子 [Ichiko Aoba] - マホロボシヤ (Mahoroboshiya).jpg,ok,#2a2626,#2c2223,#282828
Mass of the Fermenting Dregs,ワールドイズユアーズ (World Is Yours),Mass of the Fermenting Dregs - ワールドイズユアーズ (World Is Yours).jpg,ok,#3a3838,#858181,#080808
万能青年旅店 [Omnipotent Youth Society],万能青年旅店 (Omnipotent Youth Society),万能青年旅店 [Omnipotent Youth Society] - 万能青年旅店 (Omnipotent Youth Society).jpg,ok,#928346,#887c42,#988848
万能青年旅店 [Omnipotent Youth Society],冀西南林路行 (Inside the Cable Temple),万能青年旅店 [Omnipotent Youth Society] - 冀西南林路行 (Inside the Cable Temple).jpg,ok,#5a4d3f,#463c32,#685848
青葉市子 [Ichiko Aoba],剃刀乙女 (Kamisori otome),青葉市子 [Ichiko Aoba] - 剃刀乙女 (Kamisori otome).jpg,ok,#fafafa,#fdfdfd,#f8f8f8
君島大空 [Kimishima Ohzora],午後の反射光,君島大空 [Kimishima Ohzora] - 午後の反射光.jpg,ok,#d3c3b5,#cbbbb1,#d8c8b8
青葉市子 [Ichiko Aoba],檻髪 (Origami),青葉市子 [Ichiko Aoba] - 檻髪 (Origami).jpg,ok,#f7e8ca,#f6e8ce,#f8e8c8
王菲 [Faye Wong],浮躁 (Restless),王菲 [Faye Wong] - 浮躁 (Restless).jpg,ok,#dac6ba,#c5aca4,#e8d8c8
君島大空 [Kimishima Ohzora],縫層 (Nuisou),君島大空 [Kimishima Ohzora] - 縫層 (Nuisou).jpg,ok,#a8b6c0,#a7b4b5,#a8b8c8
君島大空 [Kimishima Ohzora],袖の汀,君島大空 [Kimishima Ohzora] - 袖の汀.jpg,ok,#82828a,#92918e,#787888
青葉市子 [Ichiko Aoba],鮎川のしづく (Ayukawa no shizuku),青葉市子 [Ichiko Aoba] - 鮎川のしづく (Ayukawa no shizuku).jpg,ok,#1a4f62,#355a71,#084858
